Page,Title,Price,Sold Date,Link,Image Link,Storage,Condition,PartsOnly,Model,Pixel_6,Pixel_7,Pixel_8,Pixel_9,Pixel_10
1,Google Pixel 6 5G UW 256GB G9S9B Verizon/Unlocked Smartphone - Excellent,$195.49,2025-07-23,https://www.ebay.com/itm/267327711422,https://i.ebayimg.com/images/g/9FQAAOSwxOBicD9v/s-l500.webp,256 GB,Excellent,False,Pixel 6,True,,,,
1,Google Pixel 6 128GB GB7N6 CDMA/GSM Unlocked Smartphone -Excellent,$161.49,2025-10-18,https://www.ebay.com/itm/267187173848,https://i.ebayimg.com/images/g/9FQAAOSwxOBicD9v/s-l500.webp,128 GB,Excellent,False,Pixel 6,True,,,,
1,"Unlocked Google Pixel 6 GA02910-US 6.4"" 128GB 50MP WiFi NFC GPS 5G Sorta Seafoam",$129.99,2025-10-17,https://www.ebay.com/itm/197701916743,https://i.ebayimg.com/images/g/eO4AAOSwck9hyhrR/s-l500.webp,128 GB,Unknown,False,Pixel 6,True,,,,
1,Google Pixel 6 5G GB7N6 Unlocked AT&T T-Mobile 128GB 512GB Very Good Refurbished,$135.99,2025-10-17,https://www.ebay.com/itm/186382972121,https://i.ebayimg.com/images/g/9UwAAOSwRVBizcuX/s-l500.webp,128 GB,Very Good,False,Pixel 6,True,,,,
1,Google Pixel 6 5G GB7N6 Unlocked AT&T T-Mobile 128GB 512GB Good Refurbished,$126.99,2025-10-16,https://www.ebay.com/itm/204733253931,https://i.ebayimg.com/images/g/9UwAAOSwRVBizcuX/s-l500.webp,128 GB,Good,False,Pixel 6,True,,,,
1,Google Pixel 6 5G UW 128GB G9S9B Verizon/Unlocked Smartphone -Good,$153.60,2025-10-16,https://www.ebay.com/itm/257056803345,https://i.ebayimg.com/images/g/9FQAAOSwxOBicD9v/s-l500.webp,128 GB,Good,False,Pixel 6,True,,,,
1,"Google Pixel 6 128GB Unlocked GA02900-US 6.4"" 50MP NFC GPS 5G LTE Stormy Black",$123.99,2025-10-10,https://www.ebay.com/itm/197701913972,https://i.ebayimg.com/images/g/5~0AAOSwIchhy1Rk/s-l500.webp,128 GB,Unknown,False,Pixel 6,True,,,,
1,Google Pixel 6 5G GB7N6 Unlocked AT&T T-Mobile 128GB 512GB Excellent Refurbished,$178.99,2025-10-09,https://www.ebay.com/itm/185767676304,https://i.ebayimg.com/images/g/9UwAAOSwRVBizcuX/s-l500.webp,128 GB,Excellent,False,Pixel 6,True,,,,
1,"Google Pixel 6 128GB Unlocked GA02900-US 6.4"" 50MP NFC GPS 5G LTE Stormy Black",$139.99,2025-10-04,https://www.ebay.com/itm/205205197265,https://i.ebayimg.com/images/g/5~0AAOSwIchhy1Rk/s-l500.webp,128 GB,Unknown,False,Pixel 6,True,,,,
1,Google Pixel 6 - 128GB - Stormy Black (Unlocked) - Good Condition,$139.99,2025-10-04,https://www.ebay.com/itm/306514857340,https://i.ebayimg.com/images/g/VNQAAOSwEKxnl1Vo/s-l500.webp,128 GB,Good,False,Pixel 6,True,,,,
1,Google Pixel 6 128GB GB7N6 CDMA/GSM Unlocked Smartphone - Very Good,$166.74,2025-10-03,https://www.ebay.com/itm/256886860132,https://i.ebayimg.com/images/g/9FQAAOSwxOBicD9v/s-l500.webp,128 GB,Very Good,False,Pixel 6,True,,,,
1,Google Pixel 6 5G UW 128GB G9S9B CDMA GSM Factory Unlocked - Excellent,$187.12,2025-10-02,https://www.ebay.com/itm/256991630384,https://i.ebayimg.com/images/g/9FQAAOSwxOBicD9v/s-l500.webp,128 GB,Excellent,False,Pixel 6,True,,,,
1,Google Pixel 6 - UNLOCKED ALL CARRIERS - 256GB - GOOD CONDITION,$159.00,2025-09-30,https://www.ebay.com/itm/176721094668,https://i.ebayimg.com/images/g/2-sAAOSwl1diRJt1/s-l500.webp,256 GB,Unknown,False,Pixel 6,True,,,,
1,Google Pixel 6 - Unlocked - 256GB - Black - Good,$149.00,2025-09-22,https://www.ebay.com/itm/276142907001,https://i.ebayimg.com/images/g/l9AAAOSwzAVieqbY/s-l500.webp,256 GB,Good,False,Pixel 6,True,,,,
1,Google Pixel 6 - 256 GB - Gray (Unlocked) Smartphone - Very Good,$174.95,2025-09-21,https://www.ebay.com/itm/186841150555,https://i.ebayimg.com/images/g/A4oAAOSwluZnwJN0/s-l500.webp,256 GB,Very Good,False,Pixel 6,True,,,,
1,"Google Pixel 6 256GB Unlocked 6.4"" 50MP NFC GPS 5G LTE Stormy Black",$149.99,2025-09-19,https://www.ebay.com/itm/197701917720,https://i.ebayimg.com/images/g/5~0AAOSwIchhy1Rk/s-l500.webp,256 GB,Unknown,False,Pixel 6,True,,,,
1,Google Pixel 6 5G - 256GB Stormy Black *UNLOCKED* [G9S9B] Good Refurbished,$149.99,2025-09-17,https://www.ebay.com/itm/146549896713,https://i.ebayimg.com/images/g/RSAAAOSwhx5oD9kG/s-l500.webp,256 GB,Good,False,Pixel 6,True,,,,
1,"Unlocked Google Pixel 6 GA02910-US 6.4"" 128GB 50MP WiFi NFC GPS 5G Sorta Seafoam",$134.99,2025-09-01,https://www.ebay.com/itm/196216499705,https://i.ebayimg.com/images/g/eO4AAOSwck9hyhrR/s-l500.webp,128 GB,Unknown,False,Pixel 6,True,,,,
1,"Google Pixel 6 128GB Unlocked GA02900-US 6.4"" 50MP NFC GPS 5G LTE Stormy Black",$129.99,2025-09-13,https://www.ebay.com/itm/196987753147,https://i.ebayimg.com/images/g/5~0AAOSwIchhy1Rk/s-l500.webp,128 GB,Unknown,False,Pixel 6,True,,,,
1,Google Pixel 6 Fully Unlocked - 128GB - 6.4in - Very Good,$142.00,2025-09-15,https://www.ebay.com/itm/145735476276,https://i.ebayimg.com/images/g/nnwAAeSwRipoiPb9/s-l500.webp,128 GB,Very Good,False,Pixel 6,True,,,,
2,"Google Pixel 6 128GB Unlocked GA02920-US 6.4"" 50MP WiFi NFC GPS 5G Kinda Coral",$134.99,2025-09-05,https://www.ebay.com/itm/326400063030,https://i.ebayimg.com/images/g/EYYAAOSwt5plgLqC/s-l500.webp,128 GB,Unknown,False,Pixel 6,True,,,,
2,Google Pixel 6 - 128 GB - Gray (Unlocked) Smartphone - Very Good,$154.95,2025-09-01,https://www.ebay.com/itm/186909639318,https://i.ebayimg.com/images/g/iMoAAOSwx7Rnkp4g/s-l500.webp,128 GB,Very Good,False,Pixel 6,True,,,,
2,Google Pixel 6 - 256GB - Stormy Black (Unlocked) - Good Condition,$169.99,2025-08-18,https://www.ebay.com/itm/306448370749,https://i.ebayimg.com/images/g/yIAAAeSwGIxoivIC/s-l500.webp,256 GB,Good,False,Pixel 6,True,,,,
2,Google Pixel 6 - 256GB - Sorta Seafoam (Unlocked) - Good Condition,$141.60,2025-08-13,https://www.ebay.com/itm/306368606062,https://i.ebayimg.com/images/g/EFEAAOSwxs5oScFj/s-l500.webp,256 GB,Good,False,Pixel 6,True,,,,
1,Google Pixel 7 128GB Snow Unlocked Good Condition,$179.99,2025-10-22,https://www.ebay.com/itm/295838294311,https://i.ebayimg.com/images/g/u~gAAOSwPwlnD9lm/s-l500.webp,128 GB,Good,False,Pixel 7,,True,,,
1,Google Pixel 7 5G 128GB - Lemongrass Obsidian Snow - Unlocked - Very Good,$171.99,2025-10-22,https://www.ebay.com/itm/404594628125,https://i.ebayimg.com/images/g/ZWMAAOSw3aplRIOH/s-l500.webp,128 GB,Very Good,False,Pixel 7,,True,,,
1,"Google Pixel 7 128GB Unlocked GA03943-US 6.3"" 50MP WiFi NFC 5G LTE Lemongrass",$164.99,2025-10-22,https://www.ebay.com/itm/197701910487,https://i.ebayimg.com/images/g/4o0AAOSwETxj0sth/s-l500.webp,128 GB,Unknown,False,Pixel 7,,True,,,
1,Google Pixel 7 - 128GB - White Snow - Factory Unlocked - Good + More,$154.99,2025-10-21,https://www.ebay.com/itm/197791753781,https://i.ebayimg.com/images/g/IsYAAeSw0B9owFWN/s-l500.webp,128 GB,Good,False,Pixel 7,,True,,,
1,Google Pixel 7 128GB Unlocked - Very Good,$177.99,2025-10-21,https://www.ebay.com/itm/256165742312,https://i.ebayimg.com/images/g/dDUAAeSwt-dojEjn/s-l500.webp,128 GB,Very Good,False,Pixel 7,,True,,,
1,Google Pixel 7 GVU6C 128GB 256GB Unlocked Phone Good Refurbished 1 Year Warranty,$168.99,2025-10-21,https://www.ebay.com/itm/355617737236,https://i.ebayimg.com/images/g/gUYAAOSwmbtlZQzY/s-l500.webp,128 GB,Good,False,Pixel 7,,True,,,
1,Google Pixel 7 GVU6C  128GB 256GB 512GB Unlocked Excellent Phone 1 YR WARRANTY,$215.99,2025-10-20,https://www.ebay.com/itm/186185562226,https://i.ebayimg.com/images/g/gUYAAOSwmbtlZQzY/s-l500.webp,128 GB,Excellent,False,Pixel 7,,True,,,
1,"Google Pixel 7 5G 6.3""  Fully Unlocked (Any Carrier) SmartPhone Very Good",$183.99,2025-10-20,https://www.ebay.com/itm/355210272203,https://i.ebayimg.com/images/g/ZZYAAOSw7ERlCMWK/s-l500.webp,Unknown,Very Good,False,Pixel 7,,True,,,
1,Google Pixel 7 128GB Unlocked - Good,$163.99,2025-10-20,https://www.ebay.com/itm/256223664002,https://i.ebayimg.com/images/g/YqkAAeSwuKNojEji/s-l500.webp,128 GB,Good,False,Pixel 7,,True,,,
1,Google Pixel 7 128GB Unlocked - Excellent,$186.99,2025-10-20,https://www.ebay.com/itm/256165742254,https://i.ebayimg.com/images/g/drsAAeSwbZNojFWy/s-l500.webp,128 GB,Excellent,False,Pixel 7,,True,,,
1,"Google Pixel 7 128GB Unlocked GA03933-US 6.3"" FHD 50MP WiFi 5G LTE Snow White",$164.99,2025-10-20,https://www.ebay.com/itm/326775698574,https://i.ebayimg.com/images/g/jl0AAOSwbopj0sto/s-l500.webp,128 GB,Unknown,False,Pixel 7,,True,,,
1,Google Pixel 7 128GB 5G Unlocked - Excellent,$199.99,2025-10-18,https://www.ebay.com/itm/275617380664,https://i.ebayimg.com/images/g/qKkAAOSwy6BjvwhA/s-l500.webp,128 GB,Excellent,False,Pixel 7,,True,,,
1,Google Pixel 7 GVU6C 128GB 256GB Unlocked Very Good Refurbished 1 Year Warranty,$178.99,2025-10-18,https://www.ebay.com/itm/355617734563,https://i.ebayimg.com/images/g/gUYAAOSwmbtlZQzY/s-l500.webp,128 GB,Very Good,False,Pixel 7,,True,,,
1,Google Pixel 7 GQML3 Unlocked 128GB Lemongrass Good,$151.95,2025-10-17,https://www.ebay.com/itm/176487991936,https://i.ebayimg.com/images/g/0FsAAOSwGdRmoTZq/s-l500.webp,128 GB,Good,False,Pixel 7,,True,,,
1,"Google Pixel 7, 128GB for Verizon, Obsidian",$179.99,2025-10-17,https://www.ebay.com/itm/157194443773,https://i.ebayimg.com/images/g/ji0AAeSwHzxo8BuV/s-l500.webp,128 GB,Unknown,False,Pixel 7,,True,,,
1,Google Pixel 7 128GB - VARIOUS COLOR - UNLOCKED - Grade B+ CONDITION !!,$178.64,2025-10-15,https://www.ebay.com/itm/315902247541,https://i.ebayimg.com/images/g/GoUAAOSwfM5nIV2~/s-l500.webp,128 GB,Unknown,False,Pixel 7,,True,,,
1,Google Pixel 7 128GB Unlocked GA03923-US 6.3‚Äù AMOLED WiFi NFC 5G Obsidian Black,$179.99,2025-10-14,https://www.ebay.com/itm/326808304979,https://i.ebayimg.com/images/g/6t4AAOSwcvdjwF-x/s-l500.webp,128 GB,Unknown,False,Pixel 7,,True,,,
1,"Google Pixel 7 128GB Unlocked GA03943-US 6.3"" 50MP WiFi NFC 5G LTE Lemongrass",$179.99,2025-10-13,https://www.ebay.com/itm/205771976979,https://i.ebayimg.com/images/g/4o0AAOSwETxj0sth/s-l500.webp,128 GB,Unknown,False,Pixel 7,,True,,,
1,Google Pixel 7 CARRIER UNLOCKED & OEM UNLOCKED -128GB/256GBüîíEXCELLENT CONDITION,$229.99,2025-10-13,https://www.ebay.com/itm/127340186197,https://i.ebayimg.com/images/g/WxQAAOSw4X9oLzZ7/s-l500.webp,128 GB,Unknown,False,Pixel 7,,True,,,
1,Google Pixel 7 - Unlocked - Very Good Condition (1Year Warranty),$199.53,2025-10-12,https://www.ebay.com/itm/167848737332,https://i.ebayimg.com/images/g/wncAAOSwcBRoCNAN/s-l500.webp,Unknown,Very Good,False,Pixel 7,,True,,,
1,Google Pixel 7 - 256GB - Black Obsidian - Factory Unlocked - Very Good + More,$194.99,2025-10-12,https://www.ebay.com/itm/326810202876,https://i.ebayimg.com/images/g/PSYAAOSwRWBnYaxw/s-l500.webp,256 GB,Very Good,False,Pixel 7,,True,,,
1,Google Pixel 7 128GB Unlocked GA03923-US 6.3‚Äù AMOLED WiFi NFC 5G Obsidian Black,$164.99,2025-10-12,https://www.ebay.com/itm/197701907162,https://i.ebayimg.com/images/g/6t4AAOSwcvdjwF-x/s-l500.webp,128 GB,Unknown,False,Pixel 7,,True,,,
1,Google Pixel 7 5G 128GB - Lemongrass Obsidian Snow - Unlocked - Excellent,$206.99,2025-03-16,https://www.ebay.com/itm/196389712854,https://i.ebayimg.com/images/g/ZWMAAOSw3aplRIOH/s-l500.webp,128 GB,Excellent,False,Pixel 7,,True,,,
1,Google Pixel 7 Unlocked 128gb/256gb All Colors/Memory üîíEXCELLENT CONDITIONüíØ,$199.98,2025-10-10,https://www.ebay.com/itm/127128423144,https://i.ebayimg.com/images/g/WxQAAOSw4X9oLzZ7/s-l500.webp,128 GB,Unknown,False,Pixel 7,,True,,,
1,Google Pixel 7 256GB Unlocked GA04528-US 6.3‚Äù AMOLED WiFi NFC 5G Obsidian Black,$209.99,2025-07-04,https://www.ebay.com/itm/196999078401,https://i.ebayimg.com/images/g/6t4AAOSwcvdjwF-x/s-l500.webp,256 GB,Unknown,False,Pixel 7,,True,,,
1,Google Pixel 7 GVU6C Unlocked 128GB Obsidian Good,$169.99,2025-10-08,https://www.ebay.com/itm/196518512304,https://i.ebayimg.com/images/g/pWMAAOSw4Slmn9XY/s-l500.webp,128 GB,Good,False,Pixel 7,,True,,,
1,Google Pixel 7 6.3-inch OLED display with 90Hz refresh rate,$269.95,2025-10-08,https://www.ebay.com/itm/305967107850,https://i.ebayimg.com/images/g/DwQAAOSw-cdngVwr/s-l500.webp,Unknown,Unknown,False,Pixel 7,,True,,,
1,"Google Pixel 7 128GB Unlocked GA03943-US 6.3"" 50MP WiFi NFC 5G LTE Lemongrass",$184.99,2025-09-04,https://www.ebay.com/itm/196729296643,https://i.ebayimg.com/images/g/4o0AAOSwETxj0sth/s-l500.webp,128 GB,Unknown,False,Pixel 7,,True,,,
1,Google Pixel 7 128GB Unlocked GA03923-US 6.3‚Äù AMOLED WiFi NFC 5G Obsidian Black,$184.99,2025-09-25,https://www.ebay.com/itm/205046998002,https://i.ebayimg.com/images/g/6t4AAOSwcvdjwF-x/s-l500.webp,128 GB,Unknown,False,Pixel 7,,True,,,
1,Google Pixel 7 Dual Sim 128GB 8GB Unlocked Black Good Condition,$176.04,2025-10-06,https://www.ebay.com/itm/406189424873,https://i.ebayimg.com/images/g/lBcAAeSwCZhoqrfM/s-l500.webp,128 GB,Good,False,Pixel 7,,True,,,
1,"Google Pixel 7 5G 6.3""  Fully Unlocked (Any Carrier) SmartPhone Good",$164.99,2025-10-05,https://www.ebay.com/itm/235529349399,https://i.ebayimg.com/images/g/ZZYAAOSw7ERlCMWK/s-l500.webp,Unknown,Good,False,Pixel 7,,True,,,
1,Google Pixel 7 - 128GB - Lemongrass (Unlocked) - Good Condition,$168.20,2025-10-05,https://www.ebay.com/itm/306483116583,https://i.ebayimg.com/images/g/fkkAAeSwIvRotE2H/s-l500.webp,128 GB,Good,False,Pixel 7,,True,,,
1,Google Pixel 7 GQML3 128GB 6.3'' Black White Green Factory Unlocked - Excellent,$208.99,2025-10-05,https://www.ebay.com/itm/145301706813,https://i.ebayimg.com/images/g/tzsAAOSwyHplBBkc/s-l500.webp,128 GB,Excellent,False,Pixel 7,,True,,,
1,Google Pixel 7 - 128GB - Black Obsidian - Factory Unlocked - Very Good + More,$179.99,2025-10-03,https://www.ebay.com/itm/326801350276,https://i.ebayimg.com/images/g/PSYAAOSwRWBnYaxw/s-l500.webp,128 GB,Very Good,False,Pixel 7,,True,,,
1,Google Pixel 7 - 128GB - White Snow - Factory Unlocked - Good + More,$164.99,2025-09-26,https://www.ebay.com/itm/197725803730,https://i.ebayimg.com/images/g/IsYAAeSw0B9owFWN/s-l500.webp,128 GB,Good,False,Pixel 7,,True,,,
1,Google Pixel 7 256GB Unlocked GA04528-US 6.3‚Äù AMOLED WiFi NFC 5G Obsidian Black,$204.99,2025-03-31,https://www.ebay.com/itm/196856192538,https://i.ebayimg.com/images/g/6t4AAOSwcvdjwF-x/s-l500.webp,256 GB,Unknown,False,Pixel 7,,True,,,
1,Google Pixel 7 GVU6C Unlocked 128GB Lemongrass Good,$164.27,2025-09-27,https://www.ebay.com/itm/186586408565,https://i.ebayimg.com/images/g/~J0AAOSwsWRmn9Z4/s-l500.webp,128 GB,Good,False,Pixel 7,,True,,,
1,Google Pixel 7 G03Z5 Unlocked 128GB Lemongrass Good,$159.94,2025-09-23,https://www.ebay.com/itm/177432377513,https://i.ebayimg.com/images/g/0RQAAeSwqLlo0bmx/s-l500.webp,128 GB,Good,False,Pixel 7,,True,,,
1,Google Pixel 7 128GB Obsidian Unlocked Good Condition,$179.99,2025-09-22,https://www.ebay.com/itm/295538533249,https://i.ebayimg.com/images/g/STYAAOSwy1pk0SQt/s-l500.webp,128 GB,Good,False,Pixel 7,,True,,,
1,Google Pixel 7 - 128GB - Obsidian (Unlocked) - Very Good Condition,$193.99,2025-09-22,https://www.ebay.com/itm/306492584750,https://i.ebayimg.com/images/g/n58AAOSwrbJnvZ7w/s-l500.webp,128 GB,Very Good,False,Pixel 7,,True,,,
1,Google Pixel 7 - 128GB (Unlocked) - Obsidian,$169.95,2025-09-16,https://www.ebay.com/itm/146601302891,https://i.ebayimg.com/images/g/wnsAAeSwsPdo4Eyd/s-l500.webp,128 GB,Unknown,False,Pixel 7,,True,,,
1,Google Pixel 7 - GVU6C - 256GB Unlocked Lemongrass - Excellent,$254.99,2025-09-16,https://www.ebay.com/itm/145555777810,https://i.ebayimg.com/images/g/7cQAAOSwNNZkkzRz/s-l500.webp,256 GB,Excellent,False,Pixel 7,,True,,,
1,"Google Pixel 7 128GB Unlocked GA03943-US 6.3"" 50MP WiFi NFC 5G LTE Lemongrass",$179.99,2025-08-30,https://www.ebay.com/itm/205037421628,https://i.ebayimg.com/images/g/4o0AAOSwETxj0sth/s-l500.webp,128 GB,Unknown,False,Pixel 7,,True,,,
1,"Google Pixel 7 128GB Unlocked GA03933-US 6.3"" FHD 50MP WiFi 5G LTE Snow White",$174.99,2025-09-03,https://www.ebay.com/itm/205305848337,https://i.ebayimg.com/images/g/jl0AAOSwbopj0sto/s-l500.webp,128 GB,Unknown,False,Pixel 7,,True,,,
1,Google Pixel 7 128GB Unlocked GA03923-US 6.3‚Äù AMOLED WiFi NFC 5G Obsidian Black,$174.99,2025-09-15,https://www.ebay.com/itm/205046998469,https://i.ebayimg.com/images/g/6t4AAOSwcvdjwF-x/s-l500.webp,128 GB,Unknown,False,Pixel 7,,True,,,
1,OEM UNLOCKED Google Pixel 7  128GB AT&T T-Mobile Verizon All Colors - GOOD,$209.99,2025-09-14,https://www.ebay.com/itm/276050969770,https://i.ebayimg.com/images/g/qVkAAOSwGqFlBiL4/s-l500.webp,128 GB,Unknown,False,Pixel 7,,True,,,
1,Google Pixel 7 - 256GB - Black Obsidian - Network Unlocked - Very Good + More,$194.99,2025-09-10,https://www.ebay.com/itm/326766147959,https://i.ebayimg.com/images/g/PSYAAOSwRWBnYaxw/s-l500.webp,256 GB,Very Good,False,Pixel 7,,True,,,
1,"Google Pixel 7 GVU6C 128GB CDMA/GSM Unlocked Smartphone, Very Good",$207.56,2025-09-11,https://www.ebay.com/itm/267137765357,https://i.ebayimg.com/images/g/GvwAAOSwMRpj2rLf/s-l500.webp,128 GB,Very Good,False,Pixel 7,,True,,,
1,Google Pixel 7 GQML3 128GB Obsidian Black Unlocked Good Condition,$176.94,2025-08-25,https://www.ebay.com/itm/356849467476,https://i.ebayimg.com/images/g/niYAAeSwqhBoE~CV/s-l500.webp,128 GB,Good,False,Pixel 7,,True,,,
1,Google Pixel 7 - 128GB 256GB - All Colors - Good Condition,$164.00,2025-09-09,https://www.ebay.com/itm/285847332467,https://i.ebayimg.com/images/g/WkoAAOSwSppmOVR2/s-l500.webp,128 GB,Good,False,Pixel 7,,True,,,
2,Carrier Unlocked - Google Pixel 7 5G - 128GB Obsidian Black - Very Good,$224.99,2025-09-05,https://www.ebay.com/itm/146812265974,https://i.ebayimg.com/images/g/V0gAAOSwab1nQDlM/s-l500.webp,128 GB,Very Good,False,Pixel 7,,True,,,
2,Google Pixel 7 (5G) - 128GB Lemongrass *UNLOCKED* [GQML3] Very Good Refurb,$191.99,2025-09-05,https://www.ebay.com/itm/146355532853,https://i.ebayimg.com/images/g/jsQAAOSwMwllxq9R/s-l500.webp,128 GB,Very Good,False,Pixel 7,,True,,,
2,Google Pixel 7 5G 128GB Verizon + GSM Unlocked Smartphone Very Good,$179.99,2025-09-04,https://www.ebay.com/itm/177374467606,https://i.ebayimg.com/images/g/~LsAAeSwQxRosj2t/s-l500.webp,128 GB,Very Good,False,Pixel 7,,True,,,
2,Google Pixel 7 - 128GB 256GB - All Colors - Very Good Condition,$190.00,2025-09-03,https://www.ebay.com/itm/276454600908,https://i.ebayimg.com/images/g/WkoAAOSwSppmOVR2/s-l500.webp,128 GB,Very Good,False,Pixel 7,,True,,,
2,"Google Pixel 7 128GB Unlocked GA03933-US 6.3"" FHD 50MP WiFi 5G LTE Snow White",$179.99,2025-09-01,https://www.ebay.com/itm/196729294665,https://i.ebayimg.com/images/g/jl0AAOSwbopj0sto/s-l500.webp,128 GB,Unknown,False,Pixel 7,,True,,,
2,Google Pixel 7 - Unlocked - 128GB - Black - Very Good,$190.00,2025-08-30,https://www.ebay.com/itm/285483959725,https://i.ebayimg.com/images/g/NGQAAOSwGnFlDGSw/s-l500.webp,128 GB,Very Good,False,Pixel 7,,True,,,
2,Google Pixel 7 128GB Unlocked - Excellent,$198.95,2025-08-29,https://www.ebay.com/itm/405751758616,https://i.ebayimg.com/images/g/~6AAAOSwPxdmAcp9/s-l500.webp,128 GB,Excellent,False,Pixel 7,,True,,,
2,Google Pixel 7 128GB 5G Unlocked - Very Good,$179.99,2025-08-26,https://www.ebay.com/itm/275686815379,https://i.ebayimg.com/images/g/qKkAAOSwy6BjvwhA/s-l500.webp,128 GB,Very Good,False,Pixel 7,,True,,,
2,Google Pixel 7 128GB Snow Unlocked Very Good Condition,$189.99,2025-08-26,https://www.ebay.com/itm/275894866340,https://i.ebayimg.com/images/g/pL4AAOSwbVZkg1Yl/s-l500.webp,128 GB,Very Good,False,Pixel 7,,True,,,
2,Google Pixel 7 - 128GB - Obsidian (Unlocked) - Very Good Condition,$193.99,2025-08-24,https://www.ebay.com/itm/306448374951,https://i.ebayimg.com/images/g/n58AAOSwrbJnvZ7w/s-l500.webp,128 GB,Very Good,False,Pixel 7,,True,,,
2,Google Pixel 7 5G 256GB - Lemongrass Obsidian Snow - Unlocked - Very Good,$224.99,2025-08-23,https://www.ebay.com/itm/404967200724,https://i.ebayimg.com/images/g/ZWMAAOSw3aplRIOH/s-l500.webp,256 GB,Very Good,False,Pixel 7,,True,,,
2,Google Pixel 7 5G 256GB - Lemongrass Obsidian Snow - Unlocked - Good,$214.99,2025-08-22,https://www.ebay.com/itm/316795644188,https://i.ebayimg.com/images/g/ZWMAAOSw3aplRIOH/s-l500.webp,256 GB,Good,False,Pixel 7,,True,,,
2,Google Pixel 7 5G 128GB - Lemongrass Obsidian Snow - Unlocked - Good Condition,$175.99,2025-08-22,https://www.ebay.com/itm/314933890735,https://i.ebayimg.com/images/g/ZWMAAOSw3aplRIOH/s-l500.webp,128 GB,Good,False,Pixel 7,,True,,,
2,Google Pixel 7 Unlocked 128gb/256gb All Colors/Memory üîíVERY GOOD CONDITIONüíØ,$179.99,2025-08-12,https://www.ebay.com/itm/127132753663,https://i.ebayimg.com/images/g/WxQAAOSw4X9oLzZ7/s-l500.webp,128 GB,Unknown,False,Pixel 7,,True,,,
2,Google Pixel 7 128GB 5G Unlocked - Good,$169.99,2025-08-10,https://www.ebay.com/itm/285472609790,https://i.ebayimg.com/images/g/qKkAAOSwy6BjvwhA/s-l500.webp,128 GB,Good,False,Pixel 7,,True,,,
2,"Google Pixel 7 256GB Unlocked GA04538-US 6.3"" FHD 50MP WiFi 5G LTE Snow White",$204.99,2025-08-05,https://www.ebay.com/itm/205047001420,https://i.ebayimg.com/images/g/jl0AAOSwbopj0sto/s-l500.webp,256 GB,Unknown,False,Pixel 7,,True,,,
2,Google Pixel 7 5G 256GB (Unlocked) - Lemongrass,$159.95,2025-08-04,https://www.ebay.com/itm/317146109620,https://i.ebayimg.com/images/g/ARUAAeSwC6JokSRf/s-l500.webp,256 GB,Unknown,False,Pixel 7,,True,,,
2,Google Pixel 7 128GB Unlocked Obsidian GVU6C Cell Phone Very Good,$194.95,2025-07-31,https://www.ebay.com/itm/126515233106,https://i.ebayimg.com/images/g/g9cAAOSwkKdmYDd8/s-l500.webp,128 GB,Very Good,False,Pixel 7,,True,,,
1,"Google Pixel 8 128GB Unlocked GA04803-US 6.2"" OLED 50MP WiFi GPS NFC 5G Obsidian",$264.99,2025-10-21,https://www.ebay.com/itm/197740099790,https://i.ebayimg.com/images/g/iGoAAOSwu4dlhJPh/s-l500.webp,128 GB,Unknown,False,Pixel 8,,,True,,
1,"Google Pixel 8 128GB Unlocked GA04803-US 6.2"" OLED 50MP WiFi GPS NFC 5G Obsidian",$254.99,2025-10-20,https://www.ebay.com/itm/197756557924,https://i.ebayimg.com/images/g/iGoAAOSwu4dlhJPh/s-l500.webp,128 GB,Unknown,False,Pixel 8,,,True,,
1,"Google Pixel 8 256GB Unlocked GA04851-US 6.2"" 50MP NFC 5G Dual SIM Obsidian",$324.99,2025-10-09,https://www.ebay.com/itm/205757982935,https://i.ebayimg.com/images/g/iGoAAOSwu4dlhJPh/s-l500.webp,256 GB,Unknown,False,Pixel 8,,,True,,
1,"Unlocked Google Pixel 8 GA04803-US 6.2"" OLED 128GB 50MP WiFi GPS NFC 5G Obsidian",$274.99,2025-08-04,https://www.ebay.com/itm/204675688050,https://i.ebayimg.com/images/g/iGoAAOSwu4dlhJPh/s-l500.webp,128 GB,Unknown,False,Pixel 8,,,True,,
1,"Google Pixel 8 128GB Unlocked GA04803-US 6.2"" OLED 50MP WiFi GPS NFC 5G Obsidian",$279.99,2025-09-18,https://www.ebay.com/itm/326306299059,https://i.ebayimg.com/images/g/iGoAAOSwu4dlhJPh/s-l500.webp,128 GB,Unknown,False,Pixel 8,,,True,,
1,"Google Pixel 8 256GB Unlocked GA04851-US 6.2"" 50MP NFC 5G Dual SIM Obsidian",$324.99,2025-08-06,https://www.ebay.com/itm/325966374023,https://i.ebayimg.com/images/g/iGoAAOSwu4dlhJPh/s-l500.webp,256 GB,Unknown,False,Pixel 8,,,True,,
2,Google Pixel 8 - 128GB - Rose (Unlocked) - Very Good Condition,$296.81,2025-08-25,https://www.ebay.com/itm/306449669509,https://i.ebayimg.com/images/g/Gc8AAeSwihJoa9xY/s-l500.webp,128 GB,Very Good,False,Pixel 8,,,True,,
2,Google Pixel 8 128GB Black Obsidian - Factory Unlocked + MORE - Very Good,$284.99,2025-08-15,https://www.ebay.com/itm/197613929871,https://i.ebayimg.com/images/g/SlAAAOSwIi1nf-NK/s-l500.webp,128 GB,Very Good,False,Pixel 8,,,True,,
2,Google Pixel 8 - Unlocked -  All Colors/Memory - Good Condition,$299.99,2025-08-24,https://www.ebay.com/itm/127057456318,https://i.ebayimg.com/images/g/ZycAAOSwUaVnyiai/s-l500.webp,Unknown,Good,False,Pixel 8,,,True,,
2,Google Pixel 8 128GB Black Obsidian - Factory Unlocked + MORE -  Good,$269.99,2025-08-14,https://www.ebay.com/itm/205671752752,https://i.ebayimg.com/images/g/zwYAAeSwlPhongHQ/s-l500.webp,128 GB,Good,False,Pixel 8,,,True,,
2,Google Pixel 8 128GB Black Obsidian - Factory Unlocked + MORE - Very Good,$294.99,2025-08-08,https://www.ebay.com/itm/205660489210,https://i.ebayimg.com/images/g/SlAAAOSwIi1nf-NK/s-l500.webp,128 GB,Very Good,False,Pixel 8,,,True,,
2,Google Pixel 8 - Unlocked -  All Colors/Memory - Excellent Condition,$319.99,2025-07-28,https://www.ebay.com/itm/126991664607,https://i.ebayimg.com/images/g/ZycAAOSwUaVnyiai/s-l500.webp,Unknown,Excellent,False,Pixel 8,,,True,,
2,Google Pixel 8 - 128GB - Rose (Unlocked) - Very Good Condition,$301.18,2025-07-26,https://www.ebay.com/itm/306398728808,https://i.ebayimg.com/images/g/Gc8AAeSwihJoa9xY/s-l500.webp,128 GB,Very Good,False,Pixel 8,,,True,,
1,Google Pixel 9 128GB Obsidian Unlocked Very Good Condition,$419.99,2025-10-22,https://www.ebay.com/itm/277131683955,https://i.ebayimg.com/images/g/xhUAAeSw2QFn2Gx6/s-l500.webp,128 GB,Very Good,False,Pixel 9,,,,True,
1,"Google Pixel 9 128GB Unlocked 6.3"" 5G Dual SIM Obsidian Black GA05226-US",$439.99,2025-10-21,https://www.ebay.com/itm/197727937689,https://i.ebayimg.com/images/g/GLMAAOSwm6RnI78q/s-l500.webp,128 GB,Unknown,False,Pixel 9,,,,True,
1,Google Pixel 9 128GB Obsidian Unlocked Excellent Condition,$459.99,2025-10-21,https://www.ebay.com/itm/276817531692,https://i.ebayimg.com/images/g/LogAAOSwNwhnI6cL/s-l500.webp,128 GB,Excellent,False,Pixel 9,,,,True,
1,Google Pixel 9 G2YBB Unlocked 128GB Obsidian Good,$429.99,2025-10-20,https://www.ebay.com/itm/176751089659,https://i.ebayimg.com/images/g/qPgAAOSw8GFnZ1AA/s-l500.webp,128 GB,Good,False,Pixel 9,,,,True,
1,"Google Pixel 9 256GB Unlocked 6.3"" 5G Dual SIM Obsidian Black GA05842-US",$569.99,2025-04-20,https://www.ebay.com/itm/326492424361,https://i.ebayimg.com/images/g/GLMAAOSwm6RnI78q/s-l500.webp,256 GB,Unknown,False,Pixel 9,,,,True,
1,Google Pixel 9 - Unlocked - Obsidian - 128GB - Excellent,$454.00,2025-10-18,https://www.ebay.com/itm/276790099309,https://i.ebayimg.com/images/g/XfwAAOSwzctm6f3o/s-l500.webp,128 GB,Excellent,False,Pixel 9,,,,True,
1,Google Pixel 9 128GB Wintergreen Unlocked Very Good Condition,$439.99,2025-10-17,https://www.ebay.com/itm/277110569452,https://i.ebayimg.com/images/g/TssAAeSw39xo7w5C/s-l500.webp,128 GB,Very Good,False,Pixel 9,,,,True,
1,Google Pixel 9 128GB - Black Obsidian - Network Unlocked - Good + More,$399.99,2025-10-14,https://www.ebay.com/itm/197759864621,https://i.ebayimg.com/images/g/QZYAAOSwtY5n~WWf/s-l500.webp,128 GB,Good,False,Pixel 9,,,,True,
1,Google Pixel 9 G2YBB 128GB Unlocked Excellent Condition,$521.48,2025-10-13,https://www.ebay.com/itm/357604269387,https://i.ebayimg.com/images/g/hkYAAeSwu81owva0/s-l500.webp,128 GB,Excellent,False,Pixel 9,,,,True,
1,Google Pixel 9 G2YBB Unlocked 128GB Obsidian Excellent,$459.99,2025-10-13,https://www.ebay.com/itm/176780768998,https://i.ebayimg.com/images/g/xaUAAOSweTFnfwz4/s-l500.webp,128 GB,Excellent,False,Pixel 9,,,,True,
1,Google Pixel 9 G2YBB 256GB Unlocked Very Good Condition,$569.00,2025-10-11,https://www.ebay.com/itm/357604289200,https://i.ebayimg.com/images/g/jyIAAeSwPA5owvhg/s-l500.webp,256 GB,Very Good,False,Pixel 9,,,,True,
1,Google Pixel 9 - 256GB - Obsidian (Unlocked) - Good Condition,$499.99,2025-10-08,https://www.ebay.com/itm/306528644276,https://i.ebayimg.com/images/g/fvoAAeSwcR1o0kiO/s-l500.webp,256 GB,Good,False,Pixel 9,,,,True,
1,Google Pixel 9 G2YBB Unlocked 128GB Porcelain Very Good,$459.99,2025-10-08,https://www.ebay.com/itm/186944354144,https://i.ebayimg.com/images/g/CBQAAeSw3C5nqoP5/s-l500.webp,128 GB,Very Good,False,Pixel 9,,,,True,
1,Google Pixel 9 128GB Wintergreen Unlocked Good Condition,$429.99,2025-10-07,https://www.ebay.com/itm/277200323529,https://i.ebayimg.com/images/g/6VIAAeSwcGJo2tqE/s-l500.webp,128 GB,Good,False,Pixel 9,,,,True,
1,Google Pixel 9 - Unlocked - Obsidian - 128GB - Very Good,$445.00,2025-10-06,https://www.ebay.com/itm/286427813507,https://i.ebayimg.com/images/g/XfwAAOSwzctm6f3o/s-l500.webp,128 GB,Very Good,False,Pixel 9,,,,True,
1,Google Pixel 9 G2YBB Unlocked 128GB Porcelain Excellent,$459.99,2025-10-06,https://www.ebay.com/itm/187620126159,https://i.ebayimg.com/images/g/knEAAeSwN1po4C-H/s-l500.webp,128 GB,Excellent,False,Pixel 9,,,,True,
1,Google Pixel 9 G2YBB Unlocked 256GB Obsidian Very Good,$529.99,2025-10-05,https://www.ebay.com/itm/197226260929,https://i.ebayimg.com/images/g/HrkAAeSwYt1oAog3/s-l500.webp,256 GB,Very Good,False,Pixel 9,,,,True,
1,Google Pixel 9 128GB - Obsidian (Unlocked) G2YBB Excellent,$469.95,2025-10-05,https://www.ebay.com/itm/146215684194,https://i.ebayimg.com/images/g/eeUAAOSweYJnQaEz/s-l500.webp,128 GB,Excellent,False,Pixel 9,,,,True,
1,Google Pixel 9 - 256 GB - Obsidian (Unlocked) G2YBB Excellent,$584.95,2025-10-04,https://www.ebay.com/itm/406258342382,https://i.ebayimg.com/images/g/Bb4AAeSw6wpo3r7R/s-l500.webp,256 GB,Excellent,False,Pixel 9,,,,True,
1,Google Pixel 9 256GB - Black Obsidian - Network Unlocked - Very Good + More,$529.99,2025-10-01,https://www.ebay.com/itm/326794733926,https://i.ebayimg.com/images/g/QZYAAOSwtY5n~WWf/s-l500.webp,256 GB,Very Good,False,Pixel 9,,,,True,
1,Google Pixel 9 - Unlocked - Porcelain - 128GB - Good,$379.00,2025-10-02,https://www.ebay.com/itm/277379600623,https://i.ebayimg.com/images/g/CCMAAOSwpURn~9s~/s-l500.webp,128 GB,Good,False,Pixel 9,,,,True,
1,Google Pixel 9 128GB Wintergreen Unlocked Excellent Condition,$459.99,2025-10-02,https://www.ebay.com/itm/276827452799,https://i.ebayimg.com/images/g/7zYAAOSwR91nPPAW/s-l500.webp,128 GB,Excellent,False,Pixel 9,,,,True,
1,Google Pixel 9 G2YBB 128GB Green Unlocked ‚úÖ 1 Year Warranty - All Carriers RBVG,$449.00,2025-10-02,https://www.ebay.com/itm/187611254276,https://i.ebayimg.com/images/g/fXMAAOSwUOtnM8v5/s-l500.webp,128 GB,Unknown,False,Pixel 9,,,,True,
1,"Google Pixel 9 128GB Unlocked 6.3"" 5G Dual SIM Obsidian Black GA05226-US",$459.99,2025-09-21,https://www.ebay.com/itm/205239114075,https://i.ebayimg.com/images/g/GLMAAOSwm6RnI78q/s-l500.webp,128 GB,Unknown,False,Pixel 9,,,,True,
1,Google Pixel 9 - Unlocked - Wintergreen - 128GB - Very Good,$442.00,2025-09-25,https://www.ebay.com/itm/277193536058,https://i.ebayimg.com/images/g/YOAAAOSwZ8ZngD2L/s-l500.webp,128 GB,Very Good,False,Pixel 9,,,,True,
1,Google Pixel 9 256GB Obsidian Unlocked Excellent Condition,$599.99,2025-09-24,https://www.ebay.com/itm/276980587725,https://i.ebayimg.com/images/g/z8wAAOSwDeVnKi~I/s-l500.webp,256 GB,Excellent,False,Pixel 9,,,,True,
1,Google Pixel 9 128GB Green (Unlocked) - Open Box,$567.99,2025-07-21,https://www.ebay.com/itm/167648962501,https://i.ebayimg.com/images/g/Hn4AAeSw4S9odokp/s-l500.webp,128 GB,Unknown,False,Pixel 9,,,,True,
1,Google Pixel 9 - Unlocked - Obsidian - 128GB - Good,$429.00,2025-09-24,https://www.ebay.com/itm/277091205289,https://i.ebayimg.com/images/g/XfwAAOSwzctm6f3o/s-l500.webp,128 GB,Good,False,Pixel 9,,,,True,
1,Google Pixel 9 Mali-G715 MC7 OLED 12GB RAM Dual camera 50MP,$429.95,2025-09-19,https://www.ebay.com/itm/126840212272,https://i.ebayimg.com/images/g/VYQAAOSwXuVngWBh/s-l500.webp,12 GB,Unknown,False,Pixel 9,,,,True,
1,Google Pixel 9 128GB Porcelain Unlocked Excellent Condition,$559.99,2025-09-16,https://www.ebay.com/itm/286555711249,https://i.ebayimg.com/images/g/OCQAAeSwCYtoyrqF/s-l500.webp,128 GB,Excellent,False,Pixel 9,,,,True,
1,Google Pixel 9 - Unlocked - Wintergreen - 128GB - Excellent,$459.00,2025-09-15,https://www.ebay.com/itm/276810986540,https://i.ebayimg.com/images/g/YOAAAOSwZ8ZngD2L/s-l500.webp,128 GB,Excellent,False,Pixel 9,,,,True,
1,Google Pixel 9 - Unlocked - Wintergreen - 128GB - Good,$429.00,2025-09-15,https://www.ebay.com/itm/286817844758,https://i.ebayimg.com/images/g/YOAAAOSwZ8ZngD2L/s-l500.webp,128 GB,Good,False,Pixel 9,,,,True,
1,Google Pixel 9 128GB - Black Obsidian - Network Unlocked - Very Good + More,$459.99,2025-09-03,https://www.ebay.com/itm/205696989438,https://i.ebayimg.com/images/g/QZYAAOSwtY5n~WWf/s-l500.webp,128 GB,Very Good,False,Pixel 9,,,,True,
1,Google Pixel 9 G2YBB 128GB Obsidian Unlocked Very Good Condition,$439.99,2025-09-10,https://www.ebay.com/itm/356849343099,https://i.ebayimg.com/images/g/7YAAAeSwo9ZoE94T/s-l500.webp,128 GB,Very Good,False,Pixel 9,,,,True,
1,Google Pixel 9 G2YBB 128GB Obsidian Unlocked Good Condition,$432.48,2025-08-20,https://www.ebay.com/itm/356849461452,https://i.ebayimg.com/images/g/9-8AAeSwt~loE-9K/s-l500.webp,128 GB,Good,False,Pixel 9,,,,True,
2,Google Pixel 9 128GB - Wintergreen Green - Unlocked - Very Good + More,$469.99,2025-09-01,https://www.ebay.com/itm/205696993741,https://i.ebayimg.com/images/g/IFwAAOSw~eVn7Et2/s-l500.webp,128 GB,Very Good,False,Pixel 9,,,,True,
2,Google Pixel 9 256GB - Black Obsidian - Network Unlocked - Very Good + More,$529.99,2025-09-08,https://www.ebay.com/itm/326749395806,https://i.ebayimg.com/images/g/QZYAAOSwtY5n~WWf/s-l500.webp,256 GB,Very Good,False,Pixel 9,,,,True,
2,Google Pixel 9 - Unlocked - Porcelain - 128GB - Excellent,$474.00,2025-09-06,https://www.ebay.com/itm/277040488334,https://i.ebayimg.com/images/g/CCMAAOSwpURn~9s~/s-l500.webp,128 GB,Excellent,False,Pixel 9,,,,True,
2,Google Pixel 9 128GB Obsidian Unlocked Good Condition,$399.99,2025-09-04,https://www.ebay.com/itm/276936012392,https://i.ebayimg.com/images/g/MzQAAeSwSoBnzwzP/s-l500.webp,128 GB,Good,False,Pixel 9,,,,True,
2,Google Pixel 9 - 128GB - Obsidian - (Carrier Unlocked) B-Stock,$449.98,2025-09-04,https://www.ebay.com/itm/156587831402,https://i.ebayimg.com/images/g/O-IAAOSw-fZnN6oo/s-l500.webp,128 GB,Unknown,False,Pixel 9,,,,True,
2,Google Pixel 9 128GB Peony Unlocked Very Good Condition,$479.99,2025-09-01,https://www.ebay.com/itm/297527073010,https://i.ebayimg.com/images/g/xdoAAeSwfI9o0vU8/s-l500.webp,128 GB,Very Good,False,Pixel 9,,,,True,
2,Google Pixel 9 256GB Obsidian Unlocked Very Good Condition,$559.99,2025-08-30,https://www.ebay.com/itm/297443981074,https://i.ebayimg.com/images/g/QRYAAeSwhJho7ptU/s-l500.webp,256 GB,Very Good,False,Pixel 9,,,,True,
2,"Google Pixel 9 128GB Unlocked 6.3"" 5G Dual SIM Obsidian Black GA05226-US",$429.99,2025-08-29,https://www.ebay.com/itm/326414725775,https://i.ebayimg.com/images/g/GLMAAOSwm6RnI78q/s-l500.webp,128 GB,Unknown,False,Pixel 9,,,,True,
2,Google Pixel 9 128GB Porcelain Unlocked Very Good Condition,$539.99,2025-08-29,https://www.ebay.com/itm/297288389707,https://i.ebayimg.com/images/g/uTgAAeSwqNloyrn4/s-l500.webp,128 GB,Very Good,False,Pixel 9,,,,True,
2,Google Pixel 9 256GB - Peony -Unlocked- Excellent Refurbished,$612.99,2025-08-26,https://www.ebay.com/itm/226908645077,https://i.ebayimg.com/images/g/z1QAAeSwbrdolNI0/s-l500.webp,256 GB,Excellent,False,Pixel 9,,,,True,
2,üì± Google Pixel 9 G2YBB 128GB Peony üå∏ ‚úÖFACTORY UNLOCKED üîì 1 YEAR WARRANTY VGRB,$429.95,2025-08-23,https://www.ebay.com/itm/177348045963,https://i.ebayimg.com/images/g/Ep0AAOSwe1pnM8zL/s-l500.webp,128 GB,Unknown,False,Pixel 9,,,,True,
2,Google Pixel 9 256GB  Peony -Unlocked - Very Good Refurbished,$574.99,2025-08-22,https://www.ebay.com/itm/226865667156,https://i.ebayimg.com/images/g/lvMAAeSwYNZodQO5/s-l500.webp,256 GB,Very Good,False,Pixel 9,,,,True,
2,Google Pixel 9 - 128GB - Green - (Carrier Unlocked) B-Stock,$449.98,2025-08-20,https://www.ebay.com/itm/156772603011,https://i.ebayimg.com/images/g/DNMAAOSwaulny1q4/s-l500.webp,128 GB,Unknown,False,Pixel 9,,,,True,
2,Google Pixel 9 128GB Unlocked Obsidian G2YBB Very Good,$454.95,2025-08-18,https://www.ebay.com/itm/146319641565,https://i.ebayimg.com/images/g/MOAAAOSw7WVnfRkT/s-l500.webp,128 GB,Very Good,False,Pixel 9,,,,True,
2,Google Pixel 9 - 128GB (Unlocked) - Wintergreen,$527.16,2025-08-14,https://www.ebay.com/itm/365784369167,https://i.ebayimg.com/images/g/nfwAAeSwcH5onSJy/s-l500.webp,128 GB,Unknown,False,Pixel 9,,,,True,
2,Excellent Google Pixel 9 128GB - Network Unlocked - Green / Wintergreen + More,$509.99,2025-07-31,https://www.ebay.com/itm/197578234398,https://i.ebayimg.com/images/g/VmUAAeSwFgZoZri~/s-l500.webp,128 GB,Excellent,False,Pixel 9,,,,True,
2,Google Pixel 9 128GB - Wintergreen Green - Unlocked - Good + More,$429.99,2025-08-07,https://www.ebay.com/itm/326722098576,https://i.ebayimg.com/images/g/IFwAAOSw~eVn7Et2/s-l500.webp,128 GB,Good,False,Pixel 9,,,,True,
2,Google Pixel 9 - 128GB (Unlocked) - Peony,$449.98,2025-08-05,https://www.ebay.com/itm/365780048048,https://i.ebayimg.com/images/g/gZsAAeSwXbRokmsH/s-l500.webp,128 GB,Unknown,False,Pixel 9,,,,True,
2,Google Pixel 9 256GB Wintergreen Unlocked Good Condition,$559.99,2025-07-31,https://www.ebay.com/itm/286737074853,https://i.ebayimg.com/images/g/ie0AAeSwWu1o1YUm/s-l500.webp,256 GB,Good,False,Pixel 9,,,,True,
2,"Google Pixel 9 128GB Unlocked 6.3"" 5G Dual SIM Peony Pink GA05841-US",$459.99,2025-07-30,https://www.ebay.com/itm/326572570924,https://i.ebayimg.com/images/g/rTkAAOSwmhZnKPvr/s-l500.webp,128 GB,Unknown,False,Pixel 9,,,,True,
2,"Google Pixel 9 5G 256GB 6.3""  Fully Unlocked (Any Carrier) SmartPhone Very Good",$454.99,2025-07-25,https://www.ebay.com/itm/356923990858,https://i.ebayimg.com/images/g/q6cAAOSw9w9n-A~Q/s-l500.webp,256 GB,Very Good,False,Pixel 9,,,,True,
