Page,Title,Price,Sold Date,Link,Image Link,Storage,Condition,PartsOnly,Model,iPhone_12_Pro
1,"Apple iPhone 12 Pro, 128/256/512GB - Fully Unlocked - Refurbished Excellent",$304.99,2025-10-22,https://www.ebay.com/itm/326721928692,https://i.ebayimg.com/images/g/HlMAAOSwjzhkCfsi/s-l500.webp,512 GB,Excellent,False,iPhone 12 Pro,True
1,Apple iPhone 12 Pro 256GB Unlocked - Good,$289.99,2025-10-22,https://www.ebay.com/itm/256426051256,https://i.ebayimg.com/images/g/KtAAAeSwoApoPGU4/s-l500.webp,256 GB,Good,False,iPhone 12 Pro,True
1,"Apple iPhone 12 Pro, 128/256/512GB - Fully Unlocked - Refurbished B Grade",$284.99,2025-10-22,https://www.ebay.com/itm/226908730618,https://i.ebayimg.com/images/g/HlMAAOSwjzhkCfsi/s-l500.webp,512 GB,Unknown,False,iPhone 12 Pro,True
1,Apple iPhone 12 Pro 256GB Unlocked - Excellent,$295.95,2025-10-22,https://www.ebay.com/itm/403448551891,https://i.ebayimg.com/images/g/U4MAAOSwS99hCDnD/s-l500.webp,256 GB,Excellent,False,iPhone 12 Pro,True
1,Apple iPhone 12 Pro 128GB Factory Unlocked AT&T T-Mobile Verizon Good Condition,$261.95,2025-10-22,https://www.ebay.com/itm/304222884177,https://i.ebayimg.com/images/g/zOYAAOSwfqplDbwh/s-l500.webp,128 GB,Good,False,iPhone 12 Pro,True
1,Apple iPhone 12 Pro 256GB Unlocked AT&T T-Mobile Verizon Very Good Condition,$279.95,2025-10-22,https://www.ebay.com/itm/304104247802,https://i.ebayimg.com/images/g/TuoAAOSwGvplDbt8/s-l500.webp,256 GB,Very Good,False,iPhone 12 Pro,True
1,Apple iPhone 12 Pro 128GB Unlocked AT&T T-Mobile Verizon Very Good Condition,$275.95,2025-10-22,https://www.ebay.com/itm/294304467850,https://i.ebayimg.com/images/g/Fn4AAOSwJyxlDbtk/s-l500.webp,128 GB,Very Good,False,iPhone 12 Pro,True
1,Apple iPhone 12 Pro 128GB - Fully Unlocked - VERY GOOD Condition,$267.99,2025-10-22,https://www.ebay.com/itm/325928712833,https://i.ebayimg.com/images/g/8jAAAOSwtPxnW5F4/s-l500.webp,128 GB,Unknown,False,iPhone 12 Pro,True
1,Apple iPhone 12 Pro 256GB Unlocked - Very Good,$281.95,2025-10-22,https://www.ebay.com/itm/363712923708,https://i.ebayimg.com/images/g/U4MAAOSwS99hCDnD/s-l500.webp,256 GB,Very Good,False,iPhone 12 Pro,True
1,Apple iPhone 12 Pro 128GB Unlocked - Excellent,$276.95,2025-10-22,https://www.ebay.com/itm/384308530199,https://i.ebayimg.com/images/g/U4MAAOSwS99hCDnD/s-l500.webp,128 GB,Excellent,False,iPhone 12 Pro,True
1,Apple iPhone 12 Pro 256GB Unlocked AT&T T-Mobile Verizon Excellent Condition,$303.95,2025-10-21,https://www.ebay.com/itm/304194743951,https://i.ebayimg.com/images/g/gZEAAOSwOk1lDbvQ/s-l500.webp,256 GB,Excellent,False,iPhone 12 Pro,True
1,Apple iPhone 12 Pro Graphite 128GB Very Good - Refurbished  - Unlocked,$268.99,2025-10-21,https://www.ebay.com/itm/127187184003,https://i.ebayimg.com/images/g/tx0AAeSwd5No-T81/s-l500.webp,128 GB,Very Good,False,iPhone 12 Pro,True
1,Apple iPhone 12 Pro Blue 128GB Good - Refurbished  - Unlocked,$248.99,2025-10-21,https://www.ebay.com/itm/127407282951,https://i.ebayimg.com/images/g/y70AAeSwTEpo9~W~/s-l500.webp,128 GB,Good,False,iPhone 12 Pro,True
1,Apple iPhone 12 Pro 128GB 256GB 512GB Unlocked Smartphone - All Colors - Good,$274.99,2025-10-21,https://www.ebay.com/itm/156815506333,https://i.ebayimg.com/images/g/ojAAAOSw5eNnyIbk/s-l500.webp,128 GB,Good,False,iPhone 12 Pro,True
1,Apple iPhone 12 Pro Unlocked (Any Carrier) 128GB 256GB 512GB Very Good,$293.99,2025-10-21,https://www.ebay.com/itm/204651230649,https://i.ebayimg.com/images/g/v~QAAOSwR7VhKb-c/s-l500.webp,128 GB,Very Good,False,iPhone 12 Pro,True
1,Apple iPhone 12 Pro Graphite 128GB Good - Refurbished  - Unlocked,$248.99,2025-10-20,https://www.ebay.com/itm/127359573970,https://i.ebayimg.com/images/g/OfEAAeSw23xo9u1Z/s-l500.webp,128 GB,Good,False,iPhone 12 Pro,True
1,"Apple iPhone 12 Pro 128GB 6.1"", Pacific Blue",$294.99,2025-10-20,https://www.ebay.com/itm/365881945024,https://i.ebayimg.com/images/g/NicAAeSw4zBo1EPU/s-l500.webp,128 GB,Unknown,False,iPhone 12 Pro,True
1,Apple iPhone 12 Pro 256GB - Fully Unlocked - VERY GOOD Condition,$293.99,2025-10-20,https://www.ebay.com/itm/326522312272,https://i.ebayimg.com/images/g/8jAAAOSwtPxnW5F4/s-l500.webp,256 GB,Unknown,False,iPhone 12 Pro,True
1,Apple iPhone 12 Pro 128GB Unlocked Very Good Condition - All Colors,$289.99,2025-10-20,https://www.ebay.com/itm/276217815521,https://i.ebayimg.com/images/g/epYAAOSw67xlczAr/s-l500.webp,128 GB,Very Good,False,iPhone 12 Pro,True
1,Apple iPhone 12 Pro 256GB Unlocked - Very Good,$309.99,2025-10-19,https://www.ebay.com/itm/255757843532,https://i.ebayimg.com/images/g/NtEAAeSwZS1oO6gr/s-l500.webp,256 GB,Very Good,False,iPhone 12 Pro,True
1,Apple iPhone 12 Pro Unlocked (A2341) - Excellent Condition,$329.99,2025-10-18,https://www.ebay.com/itm/154813213931,https://i.ebayimg.com/images/g/jrEAAOSwOytmu9E1/s-l500.webp,Unknown,Excellent,False,iPhone 12 Pro,True
1,Apple iPhone 12 Pro A2341 (Fully Unlocked) 256GB Pacific Blue (Excellent),$329.99,2025-10-18,https://www.ebay.com/itm/286881751304,https://i.ebayimg.com/images/g/gAsAAeSwR05o8YBO/s-l500.webp,256 GB,Excellent,False,iPhone 12 Pro,True
1,Apple iPhone 12 Pro 256GB -  VERIZON ONLY - GOOD,$249.85,2025-04-06,https://www.ebay.com/itm/187055148614,https://i.ebayimg.com/images/g/QZ4AAOSwdzJm4wN4/s-l500.webp,256 GB,Unknown,False,iPhone 12 Pro,True
1,Apple iPhone 12 Pro 128GB Factory Unlocked Pacific Blue MGK43LL/A iOS Smarphone,$299.00,2025-10-17,https://www.ebay.com/itm/306520141841,https://i.ebayimg.com/images/g/M5AAAeSwjF1o2Dtn/s-l500.webp,128 GB,Unknown,False,iPhone 12 Pro,True
1,Apple iPhone 12 Pro 512GB Unlocked Good Condition - All Colors,$304.99,2025-10-17,https://www.ebay.com/itm/285598069257,https://i.ebayimg.com/images/g/dhwAAOSwk91lczEA/s-l500.webp,512 GB,Good,False,iPhone 12 Pro,True
1,Apple iPhone 12 Pro 128GB GSM/CDMA Fully Unlocked Graphite - Good,$272.69,2025-10-16,https://www.ebay.com/itm/256720998396,https://i.ebayimg.com/images/g/0~wAAOSwUcVnO5nc/s-l500.webp,128 GB,Good,False,iPhone 12 Pro,True
1,Apple iPhone 12 Pro 512GB Unlocked AT&T T-Mobile Verizon Very Good Condition,$288.95,2025-10-16,https://www.ebay.com/itm/294356589713,https://i.ebayimg.com/images/g/0YMAAOSwbMplDbuI/s-l500.webp,512 GB,Very Good,False,iPhone 12 Pro,True
1,Apple iPhone 12 Pro Blue 128GB Very Good - Refurbished  - Unlocked,$268.99,2025-10-16,https://www.ebay.com/itm/127388706753,https://i.ebayimg.com/images/g/A3AAAeSwmf5o-VNP/s-l500.webp,128 GB,Very Good,False,iPhone 12 Pro,True
1,Apple iPhone 12 Pro Graphite 256GB Very Good - Refurbished  - Unlocked,$278.99,2025-10-15,https://www.ebay.com/itm/127187182803,https://i.ebayimg.com/images/g/LUQAAeSwAJVo-Bp7/s-l500.webp,256 GB,Very Good,False,iPhone 12 Pro,True
1,Apple iPhone 12 Pro 128GB Unlocked Good Condition - All Colors,$279.99,2025-10-15,https://www.ebay.com/itm/296097584844,https://i.ebayimg.com/images/g/WVwAAOSwfnFlczBW/s-l500.webp,128 GB,Good,False,iPhone 12 Pro,True
1,Apple iPhone 12 Pro - 128GB 256GB 512GB - All Colors - Very Good Condition,$325.00,2025-10-15,https://www.ebay.com/itm/285390732299,https://i.ebayimg.com/images/g/rboAAOSwuQNiaccD/s-l500.webp,128 GB,Very Good,False,iPhone 12 Pro,True
1,Apple iPhone 12 Pro - 128GB 256GB 512GB - All Colors - Good Condition,$318.00,2025-10-15,https://www.ebay.com/itm/275298426488,https://i.ebayimg.com/images/g/rboAAOSwuQNiaccD/s-l500.webp,128 GB,Good,False,iPhone 12 Pro,True
2,Apple iPhone 12 Pro Graphite 128GB Excellent - Refurbished  - Unlocked,$288.99,2025-10-14,https://www.ebay.com/itm/127430179711,https://i.ebayimg.com/images/g/CuoAAeSwCpNo-XUh/s-l500.webp,128 GB,Excellent,False,iPhone 12 Pro,True
2,Apple iPhone 12 Pro 128 GB - Gold - Factory Unlocked (CDMA + GSM) - Good,$249.85,2025-03-29,https://www.ebay.com/itm/186684498068,https://i.ebayimg.com/images/g/kXoAAOSw69Fm5IOI/s-l500.webp,128 GB,Good,False,iPhone 12 Pro,True
2,Apple iPhone 12 Pro 128 GB - Blue - Factory Unlocked (CDMA + GSM) Very Good,$269.85,2024-12-16,https://www.ebay.com/itm/176574480013,https://i.ebayimg.com/images/g/wsEAAOSwcGFm5H-5/s-l500.webp,128 GB,Very Good,False,iPhone 12 Pro,True
2,Apple iPhone 12 Pro Smartphone A2341 128GB Unlocked Excellent,$340.00,2025-10-13,https://www.ebay.com/itm/226582278487,https://i.ebayimg.com/images/g/-0oAAeSweJlnooq8/s-l500.webp,128 GB,Excellent,False,iPhone 12 Pro,True
2,Apple iPhone 12 Pro - 128GB  A2341 (Unlocked) All Colors ~ Very Good Condition!,$278.99,2025-10-13,https://www.ebay.com/itm/226896597359,https://i.ebayimg.com/images/g/Dw8AAeSwuQBoi6Wv/s-l500.webp,128 GB,Very Good,False,iPhone 12 Pro,True
2,Apple iPhone 12 Pro 512GB Factory Unlocked AT&T T-Mobile Verizon Good Condition,$284.95,2025-10-13,https://www.ebay.com/itm/304185295612,https://i.ebayimg.com/images/g/6UIAAOSwgfJlDbug/s-l500.webp,512 GB,Good,False,iPhone 12 Pro,True
2,Apple iPhone 12 Pro 512GB - Gold - Factory Unlocked - USED,$269.85,2025-03-30,https://www.ebay.com/itm/176572670067,https://i.ebayimg.com/images/g/h9AAAOSwxixm4wSY/s-l500.webp,512 GB,Unknown,False,iPhone 12 Pro,True
2,Apple iPhone 12 Pro - 128GB Pacific Blue Factory Unlocked - GOOD Condition,$259.99,2025-03-30,https://www.ebay.com/itm/176841930253,https://i.ebayimg.com/images/g/F2oAAeSwscJnrQQf/s-l500.webp,128 GB,Unknown,False,iPhone 12 Pro,True
2,Apple iPhone 12 Pro 512GB Unlocked AT&T T-Mobile Verizon Excellent Condition,$317.95,2025-10-12,https://www.ebay.com/itm/304221769488,https://i.ebayimg.com/images/g/vM4AAOSwgjZlDbwF/s-l500.webp,512 GB,Excellent,False,iPhone 12 Pro,True
2,Apple iPhone 12 Pro - 256GB - Blue - Fully Unlocked 5G - Good,$329.99,2025-01-25,https://www.ebay.com/itm/267094886435,https://i.ebayimg.com/images/g/xbkAAOSwAmFnNR0f/s-l500.webp,256 GB,Good,False,iPhone 12 Pro,True
2,Apple iPhone 12 Pro A2341 Unlocked 128GB Silver Very Good,$314.99,2024-12-07,https://www.ebay.com/itm/196802201775,https://i.ebayimg.com/images/g/80MAAOSwCNNnMlPy/s-l500.webp,128 GB,Very Good,False,iPhone 12 Pro,True
2,Apple iPhone 12 Pro A2341 128GB Unlocked Very Good Condition,$227.75,2025-10-10,https://www.ebay.com/itm/354393181000,https://i.ebayimg.com/images/g/0nQAAOSwKFNjco8W/s-l500.webp,128 GB,Very Good,False,iPhone 12 Pro,True
2,Apple iPhone 12 Pro 128 GB Silver Unlocked (All Carriers) Premium Condition,$389.99,2024-10-11,https://www.ebay.com/itm/285853131674,https://i.ebayimg.com/images/g/KR8AAOSwHX9nQN~d/s-l500.webp,128 GB,Unknown,False,iPhone 12 Pro,True
2,Apple iPhone 12 Pro 5G 128GB 256GB 512GB Fully Unlocked LTE Smartphone Grade A+,$339.99,2025-10-09,https://www.ebay.com/itm/294042036680,https://i.ebayimg.com/images/g/gLQAAOSwtYNf28h1/s-l500.webp,128 GB,Unknown,False,iPhone 12 Pro,True
2,Apple iPhone 12 Pro A2341 256GB Unlocked Good Condition,$277.48,2025-10-09,https://www.ebay.com/itm/354519904238,https://i.ebayimg.com/images/g/SjgAAOSwE2JjcogO/s-l500.webp,256 GB,Good,False,iPhone 12 Pro,True
2,Apple iPhone 12 Pro 128GB Unlocked - Very Good,$274.99,2025-10-09,https://www.ebay.com/itm/256288496820,https://i.ebayimg.com/images/g/gxEAAeSwitNoL7o2/s-l500.webp,128 GB,Very Good,False,iPhone 12 Pro,True
2,Apple iPhone 12 Pro 128GB A2341 Unlocked AT&T Verizon T-Mobile Very Good Refurb,$280.99,2025-10-09,https://www.ebay.com/itm/187036165413,https://i.ebayimg.com/images/g/AM0AAOSwqNhn0K1b/s-l500.webp,128 GB,Very Good,False,iPhone 12 Pro,True
2,APPLE IPHONE 12 PRO 256GB SILVER - MGK63LL/A-SILVER - UNLOCKED - SILVER,$189.00,2025-10-08,https://www.ebay.com/itm/157196237001,https://i.ebayimg.com/images/g/808AAeSwhjdo5re0/s-l500.webp,256 GB,Unknown,False,iPhone 12 Pro,True
2,Apple iPhone 12 Pro - 128GB - Factory Unlocked - Excellent Condition,$499.99,2025-10-08,https://www.ebay.com/itm/114992117420,https://i.ebayimg.com/images/g/tXQAAOSwJvxhQfcB/s-l500.webp,128 GB,Excellent,False,iPhone 12 Pro,True
2,Apple iPhone 12 Pro 256GB Unlocked Excellent Condition,$310.12,2025-10-07,https://www.ebay.com/itm/354393361207,https://i.ebayimg.com/images/g/dM0AAOSwyn9jcrKs/s-l500.webp,256 GB,Excellent,False,iPhone 12 Pro,True
2,Apple iPhone 12 Pro - 128GB - Fully Unlocked (2020),$284.97,2025-10-07,https://www.ebay.com/itm/135512461631,https://i.ebayimg.com/images/g/1~EAAOSwqkpnkUzp/s-l500.webp,128 GB,Unknown,False,iPhone 12 Pro,True
2,Apple iPhone 12 Pro 128GB Factory Unlocked Pacific Blue MGK43LL/A iOS Smarphone,$289.00,2025-10-06,https://www.ebay.com/itm/336174154696,https://i.ebayimg.com/images/g/Na8AAeSwFpVow5ms/s-l500.webp,128 GB,Unknown,False,iPhone 12 Pro,True
2,Apple iPhone 12 Pro 128GB - Fully Unlocked - Excellent Condition!!!!!,$279.99,2025-10-06,https://www.ebay.com/itm/226214964962,https://i.ebayimg.com/images/g/yIwAAOSw49BljKd3/s-l500.webp,128 GB,Excellent,False,iPhone 12 Pro,True
2,Apple iPhone 12 Pro  6.1in 256GB Fully Unlocked - Excellent,$357.00,2025-10-05,https://www.ebay.com/itm/144841742547,https://i.ebayimg.com/images/g/xaYAAeSwJDJopjjE/s-l500.webp,256 GB,Excellent,False,iPhone 12 Pro,True
2,Apple iPhone 12 Pro 256GB A2341 Unlocked AT&T Verizon T-Mobile Very Good Refurb,$290.99,2025-10-05,https://www.ebay.com/itm/356656166397,https://i.ebayimg.com/images/g/x54AAOSwy55n0Ld7/s-l500.webp,256 GB,Very Good,False,iPhone 12 Pro,True
2,"Apple iPhone 12 Pro 512GB 6.1"", Pacific Blue",$309.99,2025-10-03,https://www.ebay.com/itm/388960836645,https://i.ebayimg.com/images/g/m-EAAeSwMthoxKpN/s-l500.webp,512 GB,Unknown,False,iPhone 12 Pro,True
2,Apple iPhone 12 Pro Blue 256GB Very Good - Refurbished  - Unlocked,$275.99,2025-10-03,https://www.ebay.com/itm/127313933729,https://i.ebayimg.com/images/g/5QkAAeSw2h5o4DNJ/s-l500.webp,256 GB,Very Good,False,iPhone 12 Pro,True
2,Apple iPhone 12 Pro 256GB Unlocked Very Good Condition - All Colors,$299.99,2025-10-02,https://www.ebay.com/itm/276217816443,https://i.ebayimg.com/images/g/ddMAAOSwk91lczDO/s-l500.webp,256 GB,Very Good,False,iPhone 12 Pro,True
2,Apple iPhone 12 Pro A2341 128GB Unlocked Very Good Condition,$305.49,2025-09-30,https://www.ebay.com/itm/354521087454,https://i.ebayimg.com/images/g/YJcAAOSwci9jcqq8/s-l500.webp,128 GB,Very Good,False,iPhone 12 Pro,True
2,Apple iPhone 12 Pro 128GB A2341 Unlocked AT&T Verizon T-Mobile Excellent Refurb,$295.99,2025-09-29,https://www.ebay.com/itm/356656107197,https://i.ebayimg.com/images/g/AM0AAOSwqNhn0K1b/s-l500.webp,128 GB,Excellent,False,iPhone 12 Pro,True
2,Apple iPhone 12 Pro 128GB Unlocked Excellent Condition - All Colors,$309.99,2025-09-28,https://www.ebay.com/itm/285598067513,https://i.ebayimg.com/images/g/qBsAAOSwto5lczBk/s-l500.webp,128 GB,Excellent,False,iPhone 12 Pro,True
2,Apple iPhone 12 PRO Verizon AT&T T-Mobile GSM Factory Unlocked Phone - Very Good,$314.95,2025-09-28,https://www.ebay.com/itm/363634985816,https://i.ebayimg.com/images/g/oekAAOSwv91hn9Sn/s-l500.webp,Unknown,Very Good,False,iPhone 12 Pro,True
2,Apple iPhone 12 Pro Unlocked (Any Carrier) SmartPhone 128GB 256GB 512GB Good,$283.99,2025-09-28,https://www.ebay.com/itm/235370222856,https://i.ebayimg.com/images/g/v~QAAOSwR7VhKb-c/s-l500.webp,128 GB,Good,False,iPhone 12 Pro,True
2,Apple iPhone 12 Pro - 256 GB - Pacific Blue - Unlocked - Excellent Refurbished,$279.00,2025-09-28,https://www.ebay.com/itm/127019627584,https://i.ebayimg.com/images/g/AJsAAOSwMWJj6~sY/s-l500.webp,256 GB,Excellent,False,iPhone 12 Pro,True
2,Apple iPhone 12 Pro - 256 GB - Graphite  - Unlocked - Excellent Refurbished,$293.99,2025-09-27,https://www.ebay.com/itm/127225284447,https://i.ebayimg.com/images/g/2lUAAeSwippocCsF/s-l500.webp,256 GB,Excellent,False,iPhone 12 Pro,True
2,"Apple iPhone 12 Pro 256GB 6.1"" Fully Unlocked, Graphite",$289.99,2025-09-27,https://www.ebay.com/itm/317276487518,https://i.ebayimg.com/images/g/6H4AAeSwHChoxKoQ/s-l500.webp,256 GB,Unknown,False,iPhone 12 Pro,True
2,Apple iPhone 12 Pro Unlocked (A2341) - Pristine Condition,$459.99,2024-01-23,https://www.ebay.com/itm/154307678270,https://i.ebayimg.com/images/g/FPwAAOSwwhZmu9FE/s-l500.webp,Unknown,Unknown,False,iPhone 12 Pro,True
2,Apple iPhone 12 Pro 256GB Factory Unlocked AT&T T-Mobile Verizon Good Condition,$275.95,2025-09-26,https://www.ebay.com/itm/294462408447,https://i.ebayimg.com/images/g/IXQAAOSw0IFlDbuU/s-l500.webp,256 GB,Good,False,iPhone 12 Pro,True
2,Apple iPhone 12 Pro 128GB Unlocked AT&T T-Mobile Verizon Excellent Condition,$284.95,2025-09-25,https://www.ebay.com/itm/294513629061,https://i.ebayimg.com/images/g/dw8AAOSw3S5m2wnt/s-l500.webp,128 GB,Excellent,False,iPhone 12 Pro,True
2,Apple iPhone 12 Pro 5G 128GB 256GB 512GB Fully Unlocked 4G LTE Grade B+,$319.99,2025-09-25,https://www.ebay.com/itm/275177593990,https://i.ebayimg.com/images/g/gLQAAOSwtYNf28h1/s-l500.webp,128 GB,Unknown,False,iPhone 12 Pro,True
2,iPhone 12 Pro - Factory Unlocked - 128GB - Blue - Good,$265.00,2025-09-19,https://www.ebay.com/itm/276255224080,https://i.ebayimg.com/images/g/7-MAAOSwVfllju0c/s-l500.webp,128 GB,Good,False,iPhone 12 Pro,True
3,Apple iPhone 12 Pro - 512GB - Unlocked - VERY GOOD Condition!!!,$293.99,2025-09-18,https://www.ebay.com/itm/326545469557,https://i.ebayimg.com/images/g/8jAAAOSwtPxnW5F4/s-l500.webp,512 GB,Unknown,False,iPhone 12 Pro,True
3,Apple iPhone 12 Pro 256GB - Fully Unlocked - VERY GOOD - *NO FACE ID*,$249.99,2025-09-17,https://www.ebay.com/itm/226977703748,https://i.ebayimg.com/images/g/8jAAAOSwtPxnW5F4/s-l500.webp,256 GB,Unknown,False,iPhone 12 Pro,True
3,Apple iPhone 12 Pro Blue 128GB Very Good - Refurbished  - Unlocked,$270.99,2025-08-12,https://www.ebay.com/itm/127187183901,https://i.ebayimg.com/images/g/jJEAAeSwQM1ow2xb/s-l500.webp,128 GB,Very Good,False,iPhone 12 Pro,True
3,Apple iPhone 12 Pro Graphite 256GB Excellent - Refurbished  - Unlocked,$309.99,2025-07-25,https://www.ebay.com/itm/127187182941,https://i.ebayimg.com/images/g/XP8AAeSwlItog5KJ/s-l500.webp,256 GB,Excellent,False,iPhone 12 Pro,True
3,Apple iPhone 12 Pro 256GB Unlocked Good Condition - All Colors,$289.99,2025-09-16,https://www.ebay.com/itm/276217816345,https://i.ebayimg.com/images/g/WfMAAOSwa19lczD9/s-l500.webp,256 GB,Good,False,iPhone 12 Pro,True
3,Apple iPhone 12 Pro 128GB Factory Unlocked Pacific Blue NGK43LL/A iOS Smarphone,$269.00,2025-09-16,https://www.ebay.com/itm/306494554894,https://i.ebayimg.com/images/g/VsoAAeSwMKdow5rO/s-l500.webp,128 GB,Unknown,False,iPhone 12 Pro,True
3,Apple iPhone 12 Pro - 128GB Pacific Blue Factory Unlocked - GOOD Condition,$299.99,2025-09-15,https://www.ebay.com/itm/306500265185,https://i.ebayimg.com/images/g/brwAAeSwFC9oyIqy/s-l500.webp,128 GB,Unknown,False,iPhone 12 Pro,True
3,Apple iPhone 12 Pro 128GB 256GB A2341 (Unlocked) All Colors Refurbished- GOOD,$289.99,2025-09-15,https://www.ebay.com/itm/177238864857,https://i.ebayimg.com/images/g/W78AAeSwSQhoZZoI/s-l500.webp,128 GB,Unknown,False,iPhone 12 Pro,True
3,"Apple iPhone 12 Pro - Fully Unlocked - 6.1"" - 256GB - Very Good",$315.00,2025-09-13,https://www.ebay.com/itm/165760369605,https://i.ebayimg.com/images/g/IcAAAeSwTXVo5QoU/s-l500.webp,256 GB,Very Good,False,iPhone 12 Pro,True
3,Apple iPhone 12 Pro - 128 GB - Silver - Unlocked - Good Refurbished,$268.99,2025-09-12,https://www.ebay.com/itm/127114335958,https://i.ebayimg.com/images/g/xNwAAOSwJ2hjDzmR/s-l500.webp,128 GB,Good,False,iPhone 12 Pro,True
3,Apple iPhone 12 Pro 128GB Unlocked - Good,$269.99,2025-09-11,https://www.ebay.com/itm/256402197073,https://i.ebayimg.com/images/g/REIAAeSwJ2FoPGUt/s-l500.webp,128 GB,Good,False,iPhone 12 Pro,True
3,Apple iPhone 12 Pro - 128GB 256GB 512GB - All Colors - Excellent Condition,$295.00,2025-09-09,https://www.ebay.com/itm/276450580848,https://i.ebayimg.com/images/g/rboAAOSwuQNiaccD/s-l500.webp,128 GB,Excellent,False,iPhone 12 Pro,True
3,Apple iPhone 12 Pro 256GB A2341 Unlocked AT&T Verizon T-Mobile Excellent Refurb,$309.99,2025-09-08,https://www.ebay.com/itm/187036208902,https://i.ebayimg.com/images/g/x54AAOSwy55n0Ld7/s-l500.webp,256 GB,Excellent,False,iPhone 12 Pro,True
3,Apple iPhone 12 Pro 256GB Unlocked - Excellent,$329.99,2025-09-03,https://www.ebay.com/itm/256288496927,https://i.ebayimg.com/images/g/E5MAAeSwWQNoPGXj/s-l500.webp,256 GB,Excellent,False,iPhone 12 Pro,True
3,"Apple iPhone 12 Pro 512GB Unlocked 6.1"" (Pacific Blue) A2341 - w/1 Year Warranty",$335.11,2025-09-02,https://www.ebay.com/itm/356825736864,https://i.ebayimg.com/images/g/DcEAAOSwPXBoC74p/s-l500.webp,512 GB,Unknown,False,iPhone 12 Pro,True
3,Apple iPhone 12 Pro Smartphone A2341 512GB Unlocked Excellent,$370.00,2025-09-02,https://www.ebay.com/itm/226688441761,https://i.ebayimg.com/images/g/j1MAAeSwzhZn9DX1/s-l500.webp,512 GB,Excellent,False,iPhone 12 Pro,True
3,Apple iPhone 12 Pro A2341 256GB Unlocked Very-Good Condition,$301.99,2025-09-01,https://www.ebay.com/itm/297572467606,https://i.ebayimg.com/images/g/q5wAAeSwPQFogHCX/s-l500.webp,256 GB,Very Good,False,iPhone 12 Pro,True
3,Apple iPhone 12 Pro - 128 GB - Pacific Blue (Unlocked) - Excellent Condition,$299.00,2025-09-01,https://www.ebay.com/itm/336155366874,https://i.ebayimg.com/images/g/KCkAAOSwo0RnuD1m/s-l500.webp,128 GB,Excellent,False,iPhone 12 Pro,True
3,Apple iPhone 12 Pro- 128 GB - Pacific Blue (Unlocked) - 85%+ Battery Very Good,$279.00,2025-08-12,https://www.ebay.com/itm/335833006232,https://i.ebayimg.com/images/g/KCkAAOSwo0RnuD1m/s-l500.webp,128 GB,Very Good,False,iPhone 12 Pro,True
3,Apple iPhone 12 Pro Graphite 512GB Unlocked - Good Condition,$309.99,2025-08-29,https://www.ebay.com/itm/277327809948,https://i.ebayimg.com/images/g/O3sAAeSwa3hon3Qu/s-l500.webp,512 GB,Good,False,iPhone 12 Pro,True
3,Apple iPhone 12 Pro 512GB Unlocked Graphite A2341 MGKA3LL/A Good,$274.99,2025-08-29,https://www.ebay.com/itm/146742823867,https://i.ebayimg.com/images/g/KMcAAeSwS~Zoi2PI/s-l500.webp,512 GB,Good,False,iPhone 12 Pro,True
3,Apple iPhone 12 Pro 512GB Unlocked AT&T T-Mobile Verizon Excellent Refurbished,$342.99,2025-08-29,https://www.ebay.com/itm/205347161077,https://i.ebayimg.com/images/g/5kgAAOSwqBxn0Lu2/s-l500.webp,512 GB,Excellent,False,iPhone 12 Pro,True
3,"iPhone 12 Pro, 128GB, Unlocked, Graphite, MGJM3LL/A",$259.95,2025-08-28,https://www.ebay.com/itm/197646090784,https://i.ebayimg.com/images/g/uPQAAeSwmBporJrE/s-l500.webp,128 GB,Unknown,False,iPhone 12 Pro,True
3,Apple Iphone 12 Pro 256GB FGLV3LL/A Unlocked Gold,$309.00,2025-08-28,https://www.ebay.com/itm/146781748578,https://i.ebayimg.com/images/g/KB0AAeSwxUNopKo7/s-l500.webp,256 GB,Unknown,False,iPhone 12 Pro,True
3,Apple iPhone 12 Pro - 128 GB - Graphite (Unlocked) - Excellent Condition,$299.00,2025-08-27,https://www.ebay.com/itm/336069137683,https://i.ebayimg.com/images/g/WGsAAeSwPxJod1mu/s-l500.webp,128 GB,Excellent,False,iPhone 12 Pro,True
3,Apple iPhone 12 Pro 128GB Unlocked - Very Good,$262.95,2025-08-27,https://www.ebay.com/itm/363490711983,https://i.ebayimg.com/images/g/U4MAAOSwS99hCDnD/s-l500.webp,128 GB,Very Good,False,iPhone 12 Pro,True
3,Apple iPhone 12 Pro 128GB Pacific Blue Fully Unlocked - Very Good Condition,$279.00,2025-08-27,https://www.ebay.com/itm/335780027817,https://i.ebayimg.com/images/g/l6EAAOSwjUJntEos/s-l500.webp,128 GB,Very Good,False,iPhone 12 Pro,True
3,Apple iPhone 12 Pro 6.1in 128GB Fully Unlocked  - Excellent,$337.00,2025-08-26,https://www.ebay.com/itm/144843032086,https://i.ebayimg.com/images/g/7xcAAeSw7iNon1yl/s-l500.webp,128 GB,Excellent,False,iPhone 12 Pro,True
3,"Apple iPhone 12 Pro 512GB Unlocked 6.1"" FHD+ OLED 6GB 12MP GPS NFC 5G Graphite",$299.99,2025-08-23,https://www.ebay.com/itm/326727246573,https://i.ebayimg.com/images/g/aR4AAOSw5ltl1m-m/s-l500.webp,512 GB,Unknown,False,iPhone 12 Pro,True
3,Apple iPhone 12 Pro 128GB Graphite (Unlocked)Verizon AT&T Mobile VERY GOOD,$259.55,2025-08-21,https://www.ebay.com/itm/177354836616,https://i.ebayimg.com/images/g/CqMAAOSwCFloGoRb/s-l500.webp,128 GB,Unknown,False,iPhone 12 Pro,True
3,Apple iPhone 12 Pro - 256 GB - Pacific Blue (Unlocked) Good Condition,$259.99,2025-08-21,https://www.ebay.com/itm/286687250909,https://i.ebayimg.com/images/g/580AAeSwdy5oZu~N/s-l500.webp,256 GB,Good,False,iPhone 12 Pro,True
3,Apple iPhone 12 Pro 128 256 512GB Factory Unlocked Good,$284.57,2025-08-20,https://www.ebay.com/itm/235917221668,https://i.ebayimg.com/images/g/u00AAOSwvGdniX2l/s-l500.webp,512 GB,Good,False,iPhone 12 Pro,True
3,Apple iPhone 12 Pro - 128 GB - Silver (Unlocked) - Very Good Condition,$279.00,2025-08-18,https://www.ebay.com/itm/336113989708,https://i.ebayimg.com/images/g/OfQAAeSwAEJolaLM/s-l500.webp,128 GB,Very Good,False,iPhone 12 Pro,True
3,Apple iPhone 12 Pro 256GB GSM/CDMA Fully Unlocked - Gold,$447.49,2025-08-17,https://www.ebay.com/itm/305843253935,https://i.ebayimg.com/images/g/ZI4AAOSwsdBnEFj2/s-l500.webp,256 GB,Unknown,False,iPhone 12 Pro,True
3,Apple iPhone 12 Pro 5G 128GB 256GB 512GB Fully Unlocked Grade B+,$289.99,2025-08-17,https://www.ebay.com/itm/277128456299,https://i.ebayimg.com/images/g/gLQAAOSwtYNf28h1/s-l500.webp,128 GB,Unknown,False,iPhone 12 Pro,True
3,Apple iPhone 12 Pro - 128 GB - Graphite (Unlocked) - Very Good Condition,$279.00,2025-08-16,https://www.ebay.com/itm/336069128008,https://i.ebayimg.com/images/g/8BUAAeSwZLZod1jO/s-l500.webp,128 GB,Very Good,False,iPhone 12 Pro,True
3,Apple iPhone 12 Pro 256GB Unlocked - Good,$267.95,2025-08-16,https://www.ebay.com/itm/403999411609,https://i.ebayimg.com/images/g/U4MAAOSwS99hCDnD/s-l500.webp,256 GB,Good,False,iPhone 12 Pro,True
3,"Apple iPhone 12 Pro - 6.1"" - 512GB - Fully Unlocked  - Excellent",$413.00,2025-08-15,https://www.ebay.com/itm/165782133435,https://i.ebayimg.com/images/g/448AAeSwumZom--~/s-l500.webp,512 GB,Excellent,False,iPhone 12 Pro,True
3,Apple iPhone 12 Pro - 128GB (A2341) Factory Unlocked - Excellent Condition,$299.99,2025-08-15,https://www.ebay.com/itm/176599374817,https://i.ebayimg.com/images/g/GRcAAOSwL3Zm9wq6/s-l500.webp,128 GB,Excellent,False,iPhone 12 Pro,True
3,Apple iPhone 12 Pro 128GB (A2341) Unlocked AT&T T-Mobile Verizon - Very Good,$279.99,2025-08-15,https://www.ebay.com/itm/176331279160,https://i.ebayimg.com/images/g/dUoAAOSwvNtmGZYM/s-l500.webp,128 GB,Very Good,False,iPhone 12 Pro,True
3,Apple iPhone 12 Pro A2341 - 128GB Unlocked All Colors ~ Excellent Condition!,$299.99,2025-08-11,https://www.ebay.com/itm/226617830397,https://i.ebayimg.com/images/g/7q8AAOSwDw5l12w1/s-l500.webp,128 GB,Excellent,False,iPhone 12 Pro,True
3,Apple iPhone 12 Pro - 256 GB - Pacific Blue (Unlocked) - Very Good Condition,$314.74,2025-08-10,https://www.ebay.com/itm/335927984105,https://i.ebayimg.com/images/g/DLEAAOSwHUpoCfM-/s-l500.webp,256 GB,Very Good,False,iPhone 12 Pro,True
3,Apple iPhone 12 Pro - 256 GB - Gold (Unlocked) - Very Good Condition,$309.00,2025-08-09,https://www.ebay.com/itm/336069143157,https://i.ebayimg.com/images/g/QAwAAeSwgBhod1rs/s-l500.webp,256 GB,Very Good,False,iPhone 12 Pro,True
3,Apple iPhone 12 Pro 128GB Unlocked - Good,$248.95,2025-08-08,https://www.ebay.com/itm/384587651322,https://i.ebayimg.com/images/g/U4MAAOSwS99hCDnD/s-l500.webp,128 GB,Good,False,iPhone 12 Pro,True
3,Apple iPhone 12 Pro 128GB Unlocked - Excellent,$319.99,2025-08-07,https://www.ebay.com/itm/256288496861,https://i.ebayimg.com/images/g/KuwAAeSwHh5oPGWw/s-l500.webp,128 GB,Excellent,False,iPhone 12 Pro,True
3,Apple iPhone 12 Pro 128GB A2341 5G Unlocked - Very Good,$259.99,2025-08-06,https://www.ebay.com/itm/276232605521,https://i.ebayimg.com/images/g/DT4AAOSwteZnr6on/s-l500.webp,128 GB,Very Good,False,iPhone 12 Pro,True
3,Apple iPhone 12 Pro - 128 GB - Pacific Blue (Unlocked) Good Condition,$224.99,2025-08-05,https://www.ebay.com/itm/286699820891,https://i.ebayimg.com/images/g/jA0AAeSwBOdocCo3/s-l500.webp,128 GB,Good,False,iPhone 12 Pro,True
3,Apple iPhone 12 Pro 128GB A2341 Unlocked AT&T Verizon T-Mobile Good Refurbished,$267.99,2025-08-05,https://www.ebay.com/itm/356656140310,https://i.ebayimg.com/images/g/AM0AAOSwqNhn0K1b/s-l500.webp,128 GB,Good,False,iPhone 12 Pro,True
3,Apple iPhone 12 Pro - 256 GB - Graphite (Unlocked) - Very Good Condition,$314.74,2025-08-05,https://www.ebay.com/itm/335927965643,https://i.ebayimg.com/images/g/sEEAAOSwEq1nuD2D/s-l500.webp,256 GB,Very Good,False,iPhone 12 Pro,True
3,Apple iPhone 12 Pro - 128 GB - Gold (Unlocked) - Very Good Condition,$279.00,2025-08-05,https://www.ebay.com/itm/336069120481,https://i.ebayimg.com/images/g/qQ8AAeSwrMBod1Yn/s-l500.webp,128 GB,Very Good,False,iPhone 12 Pro,True
3,APPLE IPHONE 12 PRO 256GB SILVER - MGJT3LL/A-SILVER - UNLOCKED - SILVER,$260.00,2025-08-04,https://www.ebay.com/itm/157196236872,https://i.ebayimg.com/images/g/9qUAAeSw-MVokigA/s-l500.webp,256 GB,Unknown,False,iPhone 12 Pro,True
3,Apple iPhone 12 Pro - Graphite - 256GB (Unlocked) - Very Good Condition,$285.98,2025-08-04,https://www.ebay.com/itm/365777358655,https://i.ebayimg.com/images/g/YtQAAeSwD~BokNMa/s-l500.webp,256 GB,Very Good,False,iPhone 12 Pro,True
3,Apple iPhone 12 Pro - 128GB - Factory Unlocked - Very Good Condition,$284.99,2025-07-31,https://www.ebay.com/itm/114992118910,https://i.ebayimg.com/images/g/tXQAAOSwJvxhQfcB/s-l500.webp,128 GB,Very Good,False,iPhone 12 Pro,True
3,Apple iPhone 12 Pro 128GB~256GB~512GB Unlocked All Colors A2341 ~ Very Good!,$284.99,2025-07-30,https://www.ebay.com/itm/326461192747,https://i.ebayimg.com/images/g/FpkAAOSwL2hhxLf-/s-l500.webp,128 GB,Very Good,False,iPhone 12 Pro,True
3,Apple iPhone 12 Pro 256GB Unlocked Excellent Condition - All Colors,$339.99,2025-07-30,https://www.ebay.com/itm/276217816562,https://i.ebayimg.com/images/g/8UYAAOSwCIBlczEI/s-l500.webp,256 GB,Excellent,False,iPhone 12 Pro,True
3,"Apple iPhone 12 Pro - 6.1"" - 128GB - Fully Unlocked  - Excellent",$321.00,2025-07-30,https://www.ebay.com/itm/165816189331,https://i.ebayimg.com/images/g/pNYAAOSwq0Znz0Lw/s-l500.webp,128 GB,Excellent,False,iPhone 12 Pro,True
3,Apple iPhone 12 Pro 256GB A2341 Unlocked AT&T Verizon T-Mobile Good Refurbished,$281.99,2025-07-30,https://www.ebay.com/itm/205347143121,https://i.ebayimg.com/images/g/x54AAOSwy55n0Ld7/s-l500.webp,256 GB,Good,False,iPhone 12 Pro,True
3,Apple iPhone 12 Pro - 256 GB - Graphite - Unlocked - Good Refurbished,$277.00,2025-07-30,https://www.ebay.com/itm/127234070096,https://i.ebayimg.com/images/g/VvAAAOSwS69j6~yH/s-l500.webp,256 GB,Good,False,iPhone 12 Pro,True
3,Apple iPhone 12 Pro A2341 Unlocked 256GB Graphite Good,$304.99,2025-07-29,https://www.ebay.com/itm/196459853952,https://i.ebayimg.com/images/g/XqsAAOSw3v1mdxId/s-l500.webp,256 GB,Good,False,iPhone 12 Pro,True
