Page,Title,Price,Sold Date,Link,Image Link,Storage,Condition,PartsOnly,Model,iPhone_13_Pro_Max
1,Apple iPhone 13 Pro Max 256GB (Unlocked) - Alpine Green,$434.98,2025-10-22,https://www.ebay.com/itm/146504940277,https://i.ebayimg.com/images/g/AwkAAeSwFyRo-UpQ/s-l500.webp,256 GB,Unknown,False,iPhone 13 Pro Max,True
1,Apple iPhone 13 Pro Max 128GB - Fully Unlocked - EXCELLENT Condition,$438.99,2025-10-22,https://www.ebay.com/itm/326361822196,https://i.ebayimg.com/images/g/ndUAAOSwBYRnIVS9/s-l500.webp,128 GB,Unknown,False,iPhone 13 Pro Max,True
1,Apple iPhone 13 Pro Max 1TB Unlocked AT&T T-Mobile Verizon Excellent Condition,$553.95,2025-10-22,https://www.ebay.com/itm/296159848148,https://i.ebayimg.com/images/g/UJAAAOSw7XFloFo~/s-l500.webp,Unknown,Excellent,False,iPhone 13 Pro Max,True
1,Apple iPhone 13 Pro Max 128GB - Fully Unlocked - VERY GOOD Condition,$429.99,2025-10-22,https://www.ebay.com/itm/226423631540,https://i.ebayimg.com/images/g/ndUAAOSwBYRnIVS9/s-l500.webp,128 GB,Unknown,False,iPhone 13 Pro Max,True
1,Apple iPhone 13 Pro Max Blue 128GB Good - Refurbished  - Unlocked,$415.99,2025-10-22,https://www.ebay.com/itm/127180582851,https://i.ebayimg.com/images/g/VKoAAeSw8IVo-Wx-/s-l500.webp,128 GB,Good,False,iPhone 13 Pro Max,True
1,Apple iPhone 13 Pro Max A2484 128GB Network Unlocked Very Good Condition,$422.45,2025-10-22,https://www.ebay.com/itm/354593679546,https://i.ebayimg.com/images/g/fosAAOSwgb9jcpMC/s-l500.webp,128 GB,Very Good,False,iPhone 13 Pro Max,True
1,"Apple iPhone 13 Pro Max, A2484, 128GB, Unlocked, Excellent Condition (Free Ship)",$457.55,2025-10-22,https://www.ebay.com/itm/354393373290,https://i.ebayimg.com/images/g/h0wAAOSwbgxjcrWD/s-l500.webp,128 GB,Excellent,False,iPhone 13 Pro Max,True
1,"Apple iPhone 13 Pro Max 128GB Unlocked 6.7"" - (Graphite) A2484 w/1 Year Warranty",$411.67,2025-10-22,https://www.ebay.com/itm/357503814234,https://i.ebayimg.com/images/g/fOIAAeSwwWloqOVd/s-l500.webp,128 GB,Unknown,False,iPhone 13 Pro Max,True
1,Apple iPhone 13 Pro Max Gold 128GB Excellent - Refurbished  - Unlocked,$455.99,2025-10-22,https://www.ebay.com/itm/127264717267,https://i.ebayimg.com/images/g/rR4AAeSwFdho-U~q/s-l500.webp,128 GB,Excellent,False,iPhone 13 Pro Max,True
1,Apple iPhone 13 Pro Max 256GB Unlocked - Very Good,$485.95,2025-10-22,https://www.ebay.com/itm/403925142309,https://i.ebayimg.com/images/g/V7EAAOSwbhFjLLxB/s-l500.webp,256 GB,Very Good,False,iPhone 13 Pro Max,True
1,Apple iPhone 13 Pro Max 128GB A2484 5G Unlocked - Very Good,$429.99,2025-03-29,https://www.ebay.com/itm/276697617449,https://i.ebayimg.com/images/g/mWUAAOSwjT1k2-P2/s-l500.webp,128 GB,Very Good,False,iPhone 13 Pro Max,True
1,Apple iPhone 13 Pro Max - 1TB - Silver (Unlocked) - Good Condition,$509.99,2025-04-12,https://www.ebay.com/itm/306058053119,https://i.ebayimg.com/images/g/wykAAOSwEaZnh75w/s-l500.webp,Unknown,Good,False,iPhone 13 Pro Max,True
1,"Apple iPhone 13 Pro Max, 128/256/512GB/ 1TB, Unlocked -  Refurbished Excellent",$444.99,2025-10-22,https://www.ebay.com/itm/326721891882,https://i.ebayimg.com/images/g/gVkAAOSw2VdkCd4I/s-l500.webp,512 GB,Excellent,False,iPhone 13 Pro Max,True
1,Apple iPhone 13 Pro Max 128GB 256GB 512GB 1TB (Unlocked) All Colors,$414.97,2025-10-22,https://www.ebay.com/itm/325802649094,https://i.ebayimg.com/images/g/ikcAAOSwNJ5keged/s-l500.webp,128 GB,Unknown,False,iPhone 13 Pro Max,True
1,Apple iPhone 13 Pro Max Silver 128GB Very Good - Refurbished  - Unlocked,$435.99,2025-10-22,https://www.ebay.com/itm/127195091092,https://i.ebayimg.com/images/g/75AAAeSwVf5o-Vtl/s-l500.webp,128 GB,Very Good,False,iPhone 13 Pro Max,True
1,Apple iPhone 13 Pro Max Graphite 256GB Very Good - Refurbished  - Unlocked,$487.99,2025-10-22,https://www.ebay.com/itm/127185354432,https://i.ebayimg.com/images/g/zFIAAeSwQSBo-X77/s-l500.webp,256 GB,Very Good,False,iPhone 13 Pro Max,True
1,Apple iPhone 13 Pro Max Silver 256GB Very Good - Refurbished  - Unlocked,$487.99,2025-10-22,https://www.ebay.com/itm/127185998066,https://i.ebayimg.com/images/g/LRYAAeSwSpBo-XoS/s-l500.webp,256 GB,Very Good,False,iPhone 13 Pro Max,True
1,Apple iPhone 13 Pro Max 128GB Unlocked - Excellent,$445.95,2025-10-22,https://www.ebay.com/itm/364027692443,https://i.ebayimg.com/images/g/V7EAAOSwbhFjLLxB/s-l500.webp,128 GB,Excellent,False,iPhone 13 Pro Max,True
1,Apple iPhone 13 Pro Max Blue 256GB Excellent - Refurbished  - Unlocked,$507.99,2025-10-22,https://www.ebay.com/itm/127354101425,https://i.ebayimg.com/images/g/LLgAAeSww3Vo-MBW/s-l500.webp,256 GB,Excellent,False,iPhone 13 Pro Max,True
1,Apple iPhone 13 Pro Max - 128 GB - Sierra Blue - Unlocked - Very Good Condition,$422.10,2025-10-22,https://www.ebay.com/itm/335972105296,https://i.ebayimg.com/images/g/FXkAAOSwHB9oLaHQ/s-l500.webp,128 GB,Very Good,False,iPhone 13 Pro Max,True
1,Apple iPhone 13 Pro Max 128GB Unlocked Very Good Condition - All Colors,$429.99,2025-10-22,https://www.ebay.com/itm/276216292204,https://i.ebayimg.com/images/g/EWYAAOSw~~RmjZum/s-l500.webp,128 GB,Very Good,False,iPhone 13 Pro Max,True
1,Apple iPhone 13 Pro Max Gold 128GB Good - Refurbished  - Unlocked,$415.99,2025-10-22,https://www.ebay.com/itm/127183034046,https://i.ebayimg.com/images/g/eusAAeSwmRdo-OZY/s-l500.webp,128 GB,Good,False,iPhone 13 Pro Max,True
1,Apple iPhone 13 Pro Max Silver 128GB Good - Refurbished  - Unlocked,$415.99,2025-10-22,https://www.ebay.com/itm/127187183652,https://i.ebayimg.com/images/g/eUUAAeSwh2lo-OcK/s-l500.webp,128 GB,Good,False,iPhone 13 Pro Max,True
1,Apple iPhone 13 Pro Max 1TB Unlocked - Excellent,$574.95,2025-10-21,https://www.ebay.com/itm/387055122628,https://i.ebayimg.com/images/g/V7EAAOSwbhFjLLxB/s-l500.webp,Unknown,Excellent,False,iPhone 13 Pro Max,True
1,"Apple iPhone 13 Pro Max 6.7"" Factory Unlocked (Any Carrier) SmartPhone Very Good",$414.99,2025-10-21,https://www.ebay.com/itm/205797247503,https://i.ebayimg.com/images/g/zxgAAOSwZ61itNSd/s-l500.webp,Unknown,Very Good,False,iPhone 13 Pro Max,True
1,Apple iPhone 13 Pro Max 1TB Unlocked AT&T T-Mobile Verizon Very Good Condition,$516.95,2025-10-21,https://www.ebay.com/itm/305350882242,https://i.ebayimg.com/images/g/-FEAAOSwBLBloFo6/s-l500.webp,Unknown,Very Good,False,iPhone 13 Pro Max,True
1,Apple  iPhone 13 Pro Max 5G 128GB Factory Unlocked CDMA + GSM - EXCELLENT,$439.48,2025-10-21,https://www.ebay.com/itm/135737955732,https://i.ebayimg.com/images/g/RSAAAOSwvC1m5cBY/s-l500.webp,128 GB,Unknown,False,iPhone 13 Pro Max,True
1,Apple iPhone 13 Pro Max 128GB Unlocked AT&T T-Mobile Verizon Very Good Condition,$413.95,2025-10-21,https://www.ebay.com/itm/295317457187,https://i.ebayimg.com/images/g/pc4AAOSwDNdlDcAl/s-l500.webp,128 GB,Very Good,False,iPhone 13 Pro Max,True
1,Apple iPhone 13 Pro Max - 128GB - Unlocked - Excellent Refurbished - All Colors,$485.00,2025-02-27,https://www.ebay.com/itm/156742450056,https://i.ebayimg.com/images/g/-KIAAOSw5BxnwNqd/s-l500.webp,128 GB,Excellent,False,iPhone 13 Pro Max,True
1,Apple iPhone 13 Pro Max 512GB Unlocked - Excellent,$553.95,2025-10-21,https://www.ebay.com/itm/385263659103,https://i.ebayimg.com/images/g/V7EAAOSwbhFjLLxB/s-l500.webp,512 GB,Excellent,False,iPhone 13 Pro Max,True
1,Apple iPhone 13 Pro Max 512GB Unlocked AT&T T-Mobile Verizon Excellent Condition,$507.95,2025-10-21,https://www.ebay.com/itm/304688792573,https://i.ebayimg.com/images/g/oe8AAOSwGf5k2REk/s-l500.webp,512 GB,Excellent,False,iPhone 13 Pro Max,True
1,Apple iPhone 13 Pro Max Green 128GB Good - Refurbished  - Unlocked,$415.99,2025-10-21,https://www.ebay.com/itm/127185354173,https://i.ebayimg.com/images/g/Sd0AAeSwTuBo9tcs/s-l500.webp,128 GB,Good,False,iPhone 13 Pro Max,True
1,Apple iPhone 13 Pro Max Blue 128GB Very Good - Refurbished  - Unlocked,$435.99,2025-10-21,https://www.ebay.com/itm/127185997773,https://i.ebayimg.com/images/g/C7EAAeSwxSJo-DPb/s-l500.webp,128 GB,Very Good,False,iPhone 13 Pro Max,True
1,Apple iPhone 13 Pro Max Graphite 128GB Very Good - Refurbished  - Unlocked,$435.99,2025-10-21,https://www.ebay.com/itm/127195091017,https://i.ebayimg.com/images/g/69gAAeSweONo-CYn/s-l500.webp,128 GB,Very Good,False,iPhone 13 Pro Max,True
1,Apple iPhone 13 Pro Max 256GB Unlocked Excellent Condition - All Colors,$559.99,2025-10-21,https://www.ebay.com/itm/296095867609,https://i.ebayimg.com/images/g/xZIAAOSwjz9mjZsS/s-l500.webp,256 GB,Excellent,False,iPhone 13 Pro Max,True
1,Apple iPhone 13 Pro Max Green 256GB Very Good - Refurbished  - Unlocked,$487.99,2025-10-21,https://www.ebay.com/itm/127187184335,https://i.ebayimg.com/images/g/Z2gAAeSwFWZo-B7j/s-l500.webp,256 GB,Very Good,False,iPhone 13 Pro Max,True
1,Apple iPhone 13 Pro Max 256GB Unlocked AT&T T-Mobile Verizon Very Good Condition,$465.95,2025-10-21,https://www.ebay.com/itm/295377558726,https://i.ebayimg.com/images/g/VK8AAOSweXBlDcCZ/s-l500.webp,256 GB,Very Good,False,iPhone 13 Pro Max,True
1,Apple iPhone 13 Pro Max 256GB Unlocked AT&T T-Mobile Verizon Excellent Condition,$488.95,2025-10-21,https://www.ebay.com/itm/304688792480,https://i.ebayimg.com/images/g/KIAAAOSwxmhlDcA0/s-l500.webp,256 GB,Excellent,False,iPhone 13 Pro Max,True
1,Apple iPhone 13 Pro Max - 128 GB - Gold (Unlocked) - Very Good Condition,$422.10,2025-10-21,https://www.ebay.com/itm/335951140494,https://i.ebayimg.com/images/g/HFQAAOSw~1VnuDvC/s-l500.webp,128 GB,Very Good,False,iPhone 13 Pro Max,True
1,Apple iPhone 13 Pro Max - 128 GB - Alpine Green - Unlocked - Very Good Condition,$422.10,2025-10-21,https://www.ebay.com/itm/336017741409,https://i.ebayimg.com/images/g/IKgAAOSwYU1ntEgb/s-l500.webp,128 GB,Very Good,False,iPhone 13 Pro Max,True
1,Apple iPhone 13 Pro Max 128GB Unlocked - Very Good,$419.99,2025-10-21,https://www.ebay.com/itm/256488375003,https://i.ebayimg.com/images/g/gmAAAeSwzdJoPGQZ/s-l500.webp,128 GB,Very Good,False,iPhone 13 Pro Max,True
1,Apple iPhone 13 Pro Max 128GB Graphite (Unlocked / A2484) MLKL3LL/A,$379.00,2025-10-21,https://www.ebay.com/itm/146910553788,https://i.ebayimg.com/images/g/R7YAAeSwUBVo95xc/s-l500.webp,128 GB,Unknown,False,iPhone 13 Pro Max,True
1,Apple iPhone 13 Pro Max Graphite 128GB Good - Refurbished  - Unlocked,$415.99,2025-10-21,https://www.ebay.com/itm/127186201663,https://i.ebayimg.com/images/g/8OMAAeSwQslo-N0J/s-l500.webp,128 GB,Good,False,iPhone 13 Pro Max,True
1,Apple iPhone 13 Pro Max 256GB Unlocked AT&T T-Mobile Verizon Good Condition,$446.95,2025-10-21,https://www.ebay.com/itm/295377560052,https://i.ebayimg.com/images/g/oW4AAOSwCo1lDcCo/s-l500.webp,256 GB,Good,False,iPhone 13 Pro Max,True
1,Apple iPhone 13 Pro Max 128GB Unlocked Good Condition - All Colors,$409.99,2025-10-21,https://www.ebay.com/itm/296095885782,https://i.ebayimg.com/images/g/27QAAOSwjAJmjZsJ/s-l500.webp,128 GB,Good,False,iPhone 13 Pro Max,True
1,"Apple iPhone 13 Pro Max 6.7"" Factory Unlocked (Any Carrier) SmartPhone Good",$398.99,2025-10-21,https://www.ebay.com/itm/205797249295,https://i.ebayimg.com/images/g/zxgAAOSwZ61itNSd/s-l500.webp,Unknown,Good,False,iPhone 13 Pro Max,True
1,Apple iPhone 13 Pro Max Green 256GB Good - Refurbished  - Unlocked,$467.99,2025-10-20,https://www.ebay.com/itm/127244141018,https://i.ebayimg.com/images/g/1jcAAeSwKDVo-QBb/s-l500.webp,256 GB,Good,False,iPhone 13 Pro Max,True
1,Apple iPhone 13 Pro Max Gold 256GB Good - Refurbished  - Unlocked,$467.99,2025-10-20,https://www.ebay.com/itm/127185353367,https://i.ebayimg.com/images/g/qIIAAeSw8ydo-RJp/s-l500.webp,256 GB,Good,False,iPhone 13 Pro Max,True
1,Apple iPhone 13 Pro Max Silver 256GB Good - Refurbished  - Unlocked,$467.99,2025-10-20,https://www.ebay.com/itm/127185353216,https://i.ebayimg.com/images/g/oqQAAeSwYrBo965f/s-l500.webp,256 GB,Good,False,iPhone 13 Pro Max,True
1,Apple iPhone 13 Pro Max A2484 128GB 256GB 512GB 1TB Unlocked Smartphone - Good,$429.99,2025-10-20,https://www.ebay.com/itm/156757294722,https://i.ebayimg.com/images/g/LcoAAOSwaN1nxeKj/s-l500.webp,128 GB,Good,False,iPhone 13 Pro Max,True
1,"Apple iPhone 13 Pro Max 6.7"" Unlocked 512GB (Sierra Blue) - A2484 w/Warranty",$644.00,2025-03-21,https://www.ebay.com/itm/356488175361,https://i.ebayimg.com/images/g/B3AAAOSwKxNnjrFs/s-l500.webp,512 GB,Unknown,False,iPhone 13 Pro Max,True
1,Apple iPhone 13 Pro Max - 256 GB - Alpine Green (Unlocked) - Very Good Condition,$479.00,2025-10-20,https://www.ebay.com/itm/336108810176,https://i.ebayimg.com/images/g/mcwAAOSwVURnc4uQ/s-l500.webp,256 GB,Very Good,False,iPhone 13 Pro Max,True
1,Apple iPhone 13 Pro Max - 256 GB - Sierra Blue - Unlocked - Very Good Condition,$479.00,2025-10-20,https://www.ebay.com/itm/336162500553,https://i.ebayimg.com/images/g/M2gAAOSwzUtntXr2/s-l500.webp,256 GB,Very Good,False,iPhone 13 Pro Max,True
1,Apple iPhone 13 Pro Max 256GB Unlocked Very Good Condition - All Colors,$499.99,2025-10-20,https://www.ebay.com/itm/285596667873,https://i.ebayimg.com/images/g/hxIAAOSwFWRmjZv~/s-l500.webp,256 GB,Very Good,False,iPhone 13 Pro Max,True
1,Apple iPhone 13 Pro Max Blue 512GB Good - Refurbished  - Unlocked,$504.99,2025-10-20,https://www.ebay.com/itm/127240642418,https://i.ebayimg.com/images/g/dDYAAeSw419o9tPb/s-l500.webp,512 GB,Good,False,iPhone 13 Pro Max,True
1,Apple iPhone 13 Pro Max A2484 128GB Graphite - Unlocked - Very Good,$424.95,2025-10-20,https://www.ebay.com/itm/357758170900,https://i.ebayimg.com/images/g/eY0AAeSwFWZo8D5U/s-l500.webp,128 GB,Very Good,False,iPhone 13 Pro Max,True
1,Apple iPhone 13 Pro Max 256GB Unlocked Good Condition - All Colors,$464.99,2025-10-20,https://www.ebay.com/itm/296095885807,https://i.ebayimg.com/images/g/4dUAAOSwtZBmjZv2/s-l500.webp,256 GB,Good,False,iPhone 13 Pro Max,True
1,Apple iPhone 13 Pro Max A2484 256GB Unlocked Good Condition,$496.47,2025-10-20,https://www.ebay.com/itm/354393204966,https://i.ebayimg.com/images/g/jeIAAOSwZU9jcpQ-/s-l500.webp,256 GB,Good,False,iPhone 13 Pro Max,True
1,Apple iPhone 13 Pro Max Blue 256GB Good - Refurbished  - Unlocked,$467.99,2025-10-20,https://www.ebay.com/itm/127185354024,https://i.ebayimg.com/images/g/ZkQAAeSwb1xo-XAq/s-l500.webp,256 GB,Good,False,iPhone 13 Pro Max,True
1,"Apple iPhone 13 Pro Max, A2484, 256GB, Unlocked, Excellent Condition",$552.99,2025-10-19,https://www.ebay.com/itm/354593770099,https://i.ebayimg.com/images/g/56cAAOSwhCxjcpHn/s-l500.webp,256 GB,Excellent,False,iPhone 13 Pro Max,True
1,Apple iPhone 13 Pro Max 128GB Unlocked - Very Good,$431.95,2025-10-19,https://www.ebay.com/itm/403900771306,https://i.ebayimg.com/images/g/V7EAAOSwbhFjLLxB/s-l500.webp,128 GB,Very Good,False,iPhone 13 Pro Max,True
1,Apple iPhone 13 Pro Max - 1TB - Silver (Unlocked) - Very Good Condition,$549.99,2025-04-13,https://www.ebay.com/itm/306189347385,https://i.ebayimg.com/images/g/wykAAOSwEaZnh75w/s-l500.webp,Unknown,Very Good,False,iPhone 13 Pro Max,True
1,Apple iPhone 13 Pro Max Graphite 256GB Good - Refurbished  - Unlocked,$467.99,2025-10-19,https://www.ebay.com/itm/127185354342,https://i.ebayimg.com/images/g/1H8AAeSwNaJo-P-y/s-l500.webp,256 GB,Good,False,iPhone 13 Pro Max,True
1,Apple iPhone 13 Pro Max - 128GB 256GB 512GB - All Colors - Good Condition,$400.00,2025-10-19,https://www.ebay.com/itm/275298495662,https://i.ebayimg.com/images/g/7AQAAOSwopViaxmt/s-l500.webp,128 GB,Good,False,iPhone 13 Pro Max,True
1,Apple iPhone 13 Pro Max Silver 256GB Excellent - Refurbished  - Unlocked,$497.99,2025-10-18,https://www.ebay.com/itm/127410961033,https://i.ebayimg.com/images/g/WjAAAeSwMs9o8jbb/s-l500.webp,256 GB,Excellent,False,iPhone 13 Pro Max,True
1,Apple iPhone 13 Pro Max 128GB Unlocked AT&T T-Mobile Verizon Excellent Condition,$422.95,2025-10-18,https://www.ebay.com/itm/295317456975,https://i.ebayimg.com/images/g/p0EAAOSwRDtlDcAW/s-l500.webp,128 GB,Excellent,False,iPhone 13 Pro Max,True
1,Apple iPhone 13 Pro Max Silver 128GB Excellent - Refurbished  - Unlocked,$455.99,2025-10-18,https://www.ebay.com/itm/127378100775,https://i.ebayimg.com/images/g/tl0AAeSwrBRo9ruH/s-l500.webp,128 GB,Excellent,False,iPhone 13 Pro Max,True
1,Apple iPhone 13 Pro Max Graphite 128GB Excellent - Refurbished  - Unlocked,$455.99,2025-10-18,https://www.ebay.com/itm/127187182964,https://i.ebayimg.com/images/g/J3kAAeSwECFo9rtE/s-l500.webp,128 GB,Excellent,False,iPhone 13 Pro Max,True
1,Apple iPhone 13 Pro Max Green 256GB Excellent - Refurbished  - Unlocked,$497.99,2025-10-17,https://www.ebay.com/itm/127259711225,https://i.ebayimg.com/images/g/92YAAeSwRCxo8s7b/s-l500.webp,256 GB,Excellent,False,iPhone 13 Pro Max,True
1,"Apple iPhone 13 Pro Max 128GB Unlocked 6.7"" - (Alpine Green) A2484 w/Warranty",$382.00,2025-10-17,https://www.ebay.com/itm/357503794667,https://i.ebayimg.com/images/g/nZ4AAeSwZ5toqOLf/s-l500.webp,128 GB,Unknown,False,iPhone 13 Pro Max,True
1,Apple iPhone 13 Pro Max 512GB Unlocked AT&T T-Mobile Verizon Good Condition,$446.95,2025-10-17,https://www.ebay.com/itm/295377518585,https://i.ebayimg.com/images/g/vK0AAOSwBeZk6TL8/s-l500.webp,512 GB,Good,False,iPhone 13 Pro Max,True
1,Apple iPhone 13 Pro Max 1 TB Fully Unlocked - Good,$504.99,2025-10-17,https://www.ebay.com/itm/326572492165,https://i.ebayimg.com/images/g/bUMAAOSwff9oHit4/s-l500.webp,Unknown,Good,False,iPhone 13 Pro Max,True
1,Apple iPhone 13 Pro Max 512GB Unlocked Excellent Condition,$567.49,2025-10-17,https://www.ebay.com/itm/356345119003,https://i.ebayimg.com/images/g/Z0YAAOSwcUVnUkJW/s-l500.webp,512 GB,Excellent,False,iPhone 13 Pro Max,True
1,"Apple iPhone 13 Pro Max 128GB Unlocked 6.7"" - (Sierra Blue) A2484 w/Warranty",$381.00,2025-10-16,https://www.ebay.com/itm/146523389871,https://i.ebayimg.com/images/g/QnQAAOSw40toACeZ/s-l500.webp,128 GB,Unknown,False,iPhone 13 Pro Max,True
1,Apple iPhone 13 Pro Max - 256 GB - Gold (Unlocked) - Very Good Condition,$479.00,2025-10-16,https://www.ebay.com/itm/336114024648,https://i.ebayimg.com/images/g/vtkAAeSwN-1olawn/s-l500.webp,256 GB,Very Good,False,iPhone 13 Pro Max,True
1,Apple iPhone 13 Pro Max 128/256/512GB/1TB - Fully Unlocked - Refurbished B Grade,$419.99,2025-10-16,https://www.ebay.com/itm/226908678837,https://i.ebayimg.com/images/g/gVkAAOSw2VdkCd4I/s-l500.webp,512 GB,Unknown,False,iPhone 13 Pro Max,True
1,Apple iPhone 13 Pro Max 128GB Factory Unlocked All Colors - Excellent Condition,$455.99,2025-10-16,https://www.ebay.com/itm/176424953172,https://i.ebayimg.com/images/g/0VMAAOSwNftmbJf5/s-l500.webp,128 GB,Excellent,False,iPhone 13 Pro Max,True
1,Apple iPhone 13 Pro Max - 128GB 256GB 512GB - All Colors - Very Good Condition,$424.00,2025-10-16,https://www.ebay.com/itm/275298492189,https://i.ebayimg.com/images/g/7AQAAOSwopViaxmt/s-l500.webp,128 GB,Very Good,False,iPhone 13 Pro Max,True
1,Apple iPhone 13 Pro Max 256 GB Gold Unlocked (All Carriers) Premium Condition,$614.99,2025-01-18,https://www.ebay.com/itm/285862244911,https://i.ebayimg.com/images/g/~GkAAOSw2VVnR4Y7/s-l500.webp,256 GB,Unknown,False,iPhone 13 Pro Max,True
1,"Apple iPhone 13 Pro Max 6.7"" Unlocked 128GB (Sierra Blue) A2484 - w/Warranty",$417.00,2025-10-16,https://www.ebay.com/itm/146239743613,https://i.ebayimg.com/images/g/uGMAAOSweKZnTfsG/s-l500.webp,128 GB,Unknown,False,iPhone 13 Pro Max,True
1,Apple iPhone 13 Pro Max Green 128GB Very Good - Refurbished  - Unlocked,$435.99,2025-10-15,https://www.ebay.com/itm/127185354038,https://i.ebayimg.com/images/g/4ecAAeSw7H5o9tuC/s-l500.webp,128 GB,Very Good,False,iPhone 13 Pro Max,True
1,Apple iPhone 13 Pro Max Gold 128 Very Good - Refurbished  - Unlocked,$425.99,2025-10-15,https://www.ebay.com/itm/127194323768,https://i.ebayimg.com/images/g/mSAAAeSwHM1o8EsD/s-l500.webp,Unknown,Very Good,False,iPhone 13 Pro Max,True
1,Apple iPhone 13 Pro Max 128GB Unlocked AT&T T-Mobile Verizon Good Condition,$399.95,2025-10-15,https://www.ebay.com/itm/295377557493,https://i.ebayimg.com/images/g/mZYAAOSwFe5lDcCJ/s-l500.webp,128 GB,Good,False,iPhone 13 Pro Max,True
1,Apple iPhone 13 Pro Max 128GB A2484 5G Unlocked - Good,$399.99,2025-03-28,https://www.ebay.com/itm/275999863358,https://i.ebayimg.com/images/g/mWUAAOSwjT1k2-P2/s-l500.webp,128 GB,Good,False,iPhone 13 Pro Max,True
1,Apple iPhone 13 Pro Max 128 GB Gold Unlocked (All Carriers) Premium Condition,$629.99,2024-07-24,https://www.ebay.com/itm/285860851537,https://i.ebayimg.com/images/g/tlYAAOSwO2dnR4bW/s-l500.webp,128 GB,Unknown,False,iPhone 13 Pro Max,True
1,Apple iPhone 13 Pro Max Blue 256GB Very Good - Refurbished  - Unlocked,$487.99,2025-10-15,https://www.ebay.com/itm/127185354188,https://i.ebayimg.com/images/g/9qgAAeSwOQ5o-NyU/s-l500.webp,256 GB,Very Good,False,iPhone 13 Pro Max,True
1,Apple iPhone 13 Pro Max 128GB Unlocked - Good,$399.99,2025-10-15,https://www.ebay.com/itm/256880902001,https://i.ebayimg.com/images/g/9MIAAeSwBQpoPGPM/s-l500.webp,128 GB,Good,False,iPhone 13 Pro Max,True
1,Apple iPhone 13 Pro Max Blue 128GB Excellent - Refurbished  - Unlocked,$445.99,2025-10-15,https://www.ebay.com/itm/127320835243,https://i.ebayimg.com/images/g/FvYAAeSwwb1o7X0z/s-l500.webp,128 GB,Excellent,False,iPhone 13 Pro Max,True
1,Apple iPhone 13 Pro Max 256 GB Blue Unlocked (All Carriers) Premium Condition,$614.99,2024-11-28,https://www.ebay.com/itm/286164863666,https://i.ebayimg.com/images/g/V4cAAOSwuNRnR4XJ/s-l500.webp,256 GB,Unknown,False,iPhone 13 Pro Max,True
1,Apple iPhone 13 Pro Max 512GB Unlocked AT&T T-Mobile Verizon Very Good Condition,$474.95,2025-10-14,https://www.ebay.com/itm/304688792522,https://i.ebayimg.com/images/g/S74AAOSwHpBlDcBE/s-l500.webp,512 GB,Very Good,False,iPhone 13 Pro Max,True
1,Apple iPhone 13 Pro Max Graphite 1000 Good - Refurbished  - Unlocked,$559.99,2025-08-26,https://www.ebay.com/itm/127313933891,https://i.ebayimg.com/images/g/nXQAAeSw6A9o7H4~/s-l500.webp,Unknown,Good,False,iPhone 13 Pro Max,True
1,"Apple iPhone 13 Pro Max 128GB Unlocked 6.7"" (Alpine Green) - A2484 w/Warranty",$458.00,2025-10-14,https://www.ebay.com/itm/357641769225,https://i.ebayimg.com/images/g/UXwAAeSwJHVozZ4D/s-l500.webp,128 GB,Unknown,False,iPhone 13 Pro Max,True
1,"Apple iPhone 13 Pro Max 128GB Unlocked 6.7"" (Alpine Green) A2484 - w/Warranty",$442.53,2025-10-14,https://www.ebay.com/itm/146760802745,https://i.ebayimg.com/images/g/VfcAAeSw895oljvs/s-l500.webp,128 GB,Unknown,False,iPhone 13 Pro Max,True
1,Apple iPhone 13 Pro Max - 256GB - Graphite - Unlocked - Very Good Refurbished,$450.00,2025-10-14,https://www.ebay.com/itm/226999349472,https://i.ebayimg.com/images/g/QtUAAeSwyGho2riR/s-l500.webp,256 GB,Very Good,False,iPhone 13 Pro Max,True
1,iPhone 13 Pro Max 5G 256GB GSM/CDMA Fully - Silver - Good,$619.99,2024-07-27,https://www.ebay.com/itm/394999396256,https://i.ebayimg.com/images/g/hp0AAOSwO99lU8Rd/s-l500.webp,256 GB,Good,False,iPhone 13 Pro Max,True
1,Apple iPhone 13 Pro Max Blue 1000 Good - Refurbished  - Unlocked,$559.99,2025-08-28,https://www.ebay.com/itm/127312118302,https://i.ebayimg.com/images/g/vboAAeSw6M9o4rhn/s-l500.webp,Unknown,Good,False,iPhone 13 Pro Max,True
1,"Apple iPhone 13 Pro Max 128GB Unlocked 6.7"" - (Gold) A2484 w/1 Year Warranty",$388.00,2025-10-13,https://www.ebay.com/itm/355617382155,https://i.ebayimg.com/images/g/jBEAAOSwyVNmFDT7/s-l500.webp,128 GB,Unknown,False,iPhone 13 Pro Max,True
1,Apple iPhone 13 Pro Max 128GB l 256GB l 512GB Unlocked Refurbished - Very Good,$479.99,2025-10-13,https://www.ebay.com/itm/177240748616,https://i.ebayimg.com/images/g/k8wAAeSwhQRoZrOO/s-l500.webp,128 GB,Very Good,False,iPhone 13 Pro Max,True
1,Apple iPhone 13 Pro Max 128GB Unlocked Excellent Condition - All Colors,$449.99,2025-10-13,https://www.ebay.com/itm/285596487235,https://i.ebayimg.com/images/g/sqAAAOSwQWFmjZtY/s-l500.webp,128 GB,Excellent,False,iPhone 13 Pro Max,True
1,Apple iPhone 13 Pro Max 1TB Unlocked AT&T T-Mobile Verizon Good Condition,$493.95,2025-10-12,https://www.ebay.com/itm/296159882709,https://i.ebayimg.com/images/g/EOAAAOSwiLdloF8o/s-l500.webp,Unknown,Good,False,iPhone 13 Pro Max,True
1,Apple iPhone 13 Pro Max - 128 GB - Silver (Unlocked) - Very Good Condition,$469.00,2025-10-12,https://www.ebay.com/itm/336120755805,https://i.ebayimg.com/images/g/EYIAAOSwRLhnuDw6/s-l500.webp,128 GB,Very Good,False,iPhone 13 Pro Max,True
1,Apple iPhone 13 Pro Max Green 128GB Excellent - Refurbished  - Unlocked,$455.99,2025-10-12,https://www.ebay.com/itm/127320835267,https://i.ebayimg.com/images/g/9vAAAeSwwxJo9Sz7/s-l500.webp,128 GB,Excellent,False,iPhone 13 Pro Max,True
1,Apple iPhone 13 Pro Max - 256GB - Gold (Unlocked) - Good Condition,$479.99,2025-10-10,https://www.ebay.com/itm/306536687005,https://i.ebayimg.com/images/g/RDcAAeSwzwxo27p1/s-l500.webp,256 GB,Good,False,iPhone 13 Pro Max,True
1,Apple iPhone 13 Pro Max - 256GB - Graphite (Unlocked) - Good Condition,$469.99,2025-10-10,https://www.ebay.com/itm/306526884709,https://i.ebayimg.com/images/g/kHEAAeSweONo1pAS/s-l500.webp,256 GB,Good,False,iPhone 13 Pro Max,True
1,Apple iPhone 13 Pro Max Graphite 256GB Excellent - Refurbished  - Unlocked,$497.99,2025-10-10,https://www.ebay.com/itm/127187183118,https://i.ebayimg.com/images/g/FpYAAeSwIhBo6Q1v/s-l500.webp,256 GB,Excellent,False,iPhone 13 Pro Max,True
1,Apple iPhone 13 Pro Max 128GB Sierra Blue - Unlocked *Read Desc*,$379.99,2025-10-08,https://www.ebay.com/itm/406261055619,https://i.ebayimg.com/images/g/JaUAAeSwTXVo3~Bk/s-l500.webp,128 GB,Unknown,False,iPhone 13 Pro Max,True
1,Apple iPhone 13 Pro Max 128GB 256GB 512GB 1TB (Verizon Wireless) All Colors,$414.97,2025-10-07,https://www.ebay.com/itm/225871737830,https://i.ebayimg.com/images/g/ikcAAOSwNJ5keged/s-l500.webp,128 GB,Unknown,False,iPhone 13 Pro Max,True
1,Apple iPhone 13 PRO MAX Factory Unlocked 1TB A2484 GSM CDMA 1Y Excellent Refrb,$674.99,2025-10-06,https://www.ebay.com/itm/365541706471,https://i.ebayimg.com/images/g/JagAAOSwpP1jbvbu/s-l500.webp,Unknown,Excellent,False,iPhone 13 Pro Max,True
1,Apple iPhone 13 Pro Max - 256 GB - Alpine Green (Unlocked) Good Condition,$434.99,2025-10-05,https://www.ebay.com/itm/286853734705,https://i.ebayimg.com/images/g/gdwAAeSwBEFo3qas/s-l500.webp,256 GB,Good,False,iPhone 13 Pro Max,True
1,Apple iPhone 13 Pro Max - 256GB - Graphite (Unlocked) - Very Good Condition,$489.99,2025-10-05,https://www.ebay.com/itm/306526887730,https://i.ebayimg.com/images/g/wDwAAeSwln9o1o-A/s-l500.webp,256 GB,Very Good,False,iPhone 13 Pro Max,True
1,Apple iPhone 13 Pro Max - 256GB - Sierra Blue (Unlocked) - Good Condition,$449.99,2025-04-02,https://www.ebay.com/itm/306159873465,https://i.ebayimg.com/images/g/X-cAAOSwpepnvtej/s-l500.webp,256 GB,Good,False,iPhone 13 Pro Max,True
1,Apple iPhone 13 Pro Max - 512 GB - Alpine Green - Unlocked - GOOD CONDITION,$565.00,2025-10-05,https://www.ebay.com/itm/157236428414,https://i.ebayimg.com/images/g/8C4AAeSwCIdomi7s/s-l500.webp,512 GB,Unknown,False,iPhone 13 Pro Max,True
1,Apple iPhone 13 Pro Max 128GB-256GB-512GB All Colors Unlocked A2484 ~ Very Good!,$449.99,2025-10-05,https://www.ebay.com/itm/326450429058,https://i.ebayimg.com/images/g/94wAAOSw5Ttl3Qxm/s-l500.webp,128 GB,Very Good,False,iPhone 13 Pro Max,True
1,Apple iPhone 13 Pro Max Gold 512GB Good - Refurbished  - Unlocked,$504.99,2025-10-05,https://www.ebay.com/itm/127411060013,https://i.ebayimg.com/images/g/yOcAAeSwxS9o9x2P/s-l500.webp,512 GB,Good,False,iPhone 13 Pro Max,True
1,Apple iPhone 13 Pro Max - 128 GB - Gold (Unlocked) - Excellent Condition,$489.00,2025-10-04,https://www.ebay.com/itm/336017746933,https://i.ebayimg.com/images/g/M20AAOSwDKtne6Cr/s-l500.webp,128 GB,Excellent,False,iPhone 13 Pro Max,True
1,Apple iPhone 13 Pro Max Graphite 512GB Good - Refurbished  - Unlocked,$504.99,2025-10-04,https://www.ebay.com/itm/127185353634,https://i.ebayimg.com/images/g/koQAAeSwAupo9t8T/s-l500.webp,512 GB,Good,False,iPhone 13 Pro Max,True
1,"Apple iPhone 13 Pro Max 128GB Unlocked 6.7"" (Gold) A2484 - w/1 Year Warranty",$442.04,2025-10-04,https://www.ebay.com/itm/357687525844,https://i.ebayimg.com/images/g/1VUAAeSwhk9o3BPc/s-l500.webp,128 GB,Unknown,False,iPhone 13 Pro Max,True
1,Apple iPhone 13 Pro Max - 512GB - Sierra Blue (Unlocked) - Very Good Condition,$499.99,2025-03-23,https://www.ebay.com/itm/305953641945,https://i.ebayimg.com/images/g/99EAAOSwQydnUB7f/s-l500.webp,512 GB,Very Good,False,iPhone 13 Pro Max,True
1,iPhone 13 Pro Max - Factory Unlocked - 128GB - Blue - Good,$425.00,2025-10-04,https://www.ebay.com/itm/285638066661,https://i.ebayimg.com/images/g/ZBcAAeSwiI9oemwT/s-l500.webp,128 GB,Good,False,iPhone 13 Pro Max,True
1,Apple  iPhone 13 Pro Max 5G 256GB Factory Unlocked CDMA + GSM - EXCELLENT,$569.48,2025-10-04,https://www.ebay.com/itm/135248304451,https://i.ebayimg.com/images/g/RSAAAOSwvC1m5cBY/s-l500.webp,256 GB,Unknown,False,iPhone 13 Pro Max,True
1,Apple iPhone 13 Pro Max 512GB Unlocked Excellent Condition - All Colors,$569.99,2025-10-04,https://www.ebay.com/itm/296095867670,https://i.ebayimg.com/images/g/VssAAOSwCqRmjZup/s-l500.webp,512 GB,Excellent,False,iPhone 13 Pro Max,True
1,Apple iPhone 13 Pro Max 256GB Unlocked - Good,$466.95,2025-10-03,https://www.ebay.com/itm/385155406663,https://i.ebayimg.com/images/g/V7EAAOSwbhFjLLxB/s-l500.webp,256 GB,Good,False,iPhone 13 Pro Max,True
1,iPhone 13 Pro Max 128GB Silver Unlocked Excellent Condition,$477.99,2025-03-15,https://www.ebay.com/itm/365321960222,https://i.ebayimg.com/images/g/N~MAAOSwuGxneG04/s-l500.webp,128 GB,Excellent,False,iPhone 13 Pro Max,True
1,Apple iPhone 13 Pro Max 1TB Unlocked Excellent Condition - All Colors,$649.99,2025-10-03,https://www.ebay.com/itm/285596658861,https://i.ebayimg.com/images/g/U8UAAOSwv2ZmjZwf/s-l500.webp,Unknown,Excellent,False,iPhone 13 Pro Max,True
1,"Apple iPhone 13 Pro Max 128GB Unlocked 90%+ Battery 6.7"" (Blue) A2484 w/Warranty",$446.00,2025-10-02,https://www.ebay.com/itm/146864707200,https://i.ebayimg.com/images/g/wHMAAeSwl31o3Bcx/s-l500.webp,128 GB,Unknown,False,iPhone 13 Pro Max,True
1,Apple iPhone 13 Pro Max Blue 512GB Very Good - Refurbished  - Unlocked,$524.99,2025-10-02,https://www.ebay.com/itm/127408493896,https://i.ebayimg.com/images/g/a-AAAeSww3Jo-GU~/s-l500.webp,512 GB,Very Good,False,iPhone 13 Pro Max,True
1,"Apple iPhone 13 Pro Max 128GB Unlocked 6.7"" (Graphite) A2484 - w/1 Year Warranty",$434.00,2025-10-02,https://www.ebay.com/itm/357444431759,https://i.ebayimg.com/images/g/EIkAAeSwMoVomigi/s-l500.webp,128 GB,Unknown,False,iPhone 13 Pro Max,True
1,Apple iPhone 13 Pro Max (5G) 512GB | 256GB | 128GB | GSM+CDMA Unlocked  GOOD,$429.88,2025-03-11,https://www.ebay.com/itm/296405883445,https://i.ebayimg.com/images/g/gWEAAOSwHypmM7NU/s-l500.webp,512 GB,Unknown,False,iPhone 13 Pro Max,True
1,Apple iPhone 13 Pro Max - 128 GB - Graphite - Unlocked - Excellent Condition,$489.00,2025-10-01,https://www.ebay.com/itm/335972101620,https://i.ebayimg.com/images/g/ZKEAAOSwFOhoLaCF/s-l500.webp,128 GB,Excellent,False,iPhone 13 Pro Max,True
1,Apple iPhone 13 Pro Max 512GB Unlocked Very Good Condition - All Colors,$529.99,2025-10-01,https://www.ebay.com/itm/285596667916,https://i.ebayimg.com/images/g/PwQAAOSwuH5mjZtp/s-l500.webp,512 GB,Very Good,False,iPhone 13 Pro Max,True
1,Apple iPhone 13 Pro Max 128GB Unlocked - Good,$444.95,2025-10-01,https://www.ebay.com/itm/403960273217,https://i.ebayimg.com/images/g/V7EAAOSwbhFjLLxB/s-l500.webp,128 GB,Good,False,iPhone 13 Pro Max,True
1,"Apple iPhone 13 Pro Max Unlocked 6.7"" A2484 (Sierra Blue) 128GB (Good)",$399.99,2025-08-22,https://www.ebay.com/itm/205684082805,https://i.ebayimg.com/images/g/q4cAAeSwdzpopy11/s-l500.webp,128 GB,Good,False,iPhone 13 Pro Max,True
1,"Apple iPhone 13 Pro Max 6.7"" Unlocked 128GB (Sierra Blue) - A2484 w/Warranty",$453.73,2025-09-29,https://www.ebay.com/itm/356726692331,https://i.ebayimg.com/images/g/zBkAAOSw391n6xUo/s-l500.webp,128 GB,Unknown,False,iPhone 13 Pro Max,True
1,Apple iPhone 13 Pro Max - 1TB - Fully Unlocked (2021),$504.99,2025-09-29,https://www.ebay.com/itm/116454459646,https://i.ebayimg.com/images/g/evAAAOSw02xndBi1/s-l500.webp,Unknown,Unknown,False,iPhone 13 Pro Max,True
1,Apple iPhone 13 Pro Max - 256 GB - Graphite - Unlocked - Very Good Condition,$479.00,2025-09-29,https://www.ebay.com/itm/336021451218,https://i.ebayimg.com/images/g/OU0AAOSwz4toUnyJ/s-l500.webp,256 GB,Very Good,False,iPhone 13 Pro Max,True
1,iPhone 13 Pro Max - Factory Unlocked - 256GB - Gray - Very Good,$489.00,2025-09-29,https://www.ebay.com/itm/276255227422,https://i.ebayimg.com/images/g/ZqkAAOSwCAFiWgC8/s-l500.webp,256 GB,Very Good,False,iPhone 13 Pro Max,True
1,Apple iPhone 13 Pro Max - 128GB - Graphite (Unlocked) A2484 MLKL3LL/A Good,$429.95,2025-04-02,https://www.ebay.com/itm/405706107514,https://i.ebayimg.com/images/g/jSoAAOSwrbBn576w/s-l500.webp,128 GB,Good,False,iPhone 13 Pro Max,True
1,iPhone 13 Pro Max Green 128Gb Unlocked No Face ID,$259.99,2025-03-27,https://www.ebay.com/itm/405701536046,https://i.ebayimg.com/images/g/6G4AAOSwuHVn5JJ3/s-l500.webp,128 GB,Unknown,False,iPhone 13 Pro Max,True
1,Apple iPhone 13 Pro Max  - (Unlocked) - A2484 - 1TB - All Colors - Good,$549.99,2025-09-27,https://www.ebay.com/itm/365452820928,https://i.ebayimg.com/images/g/Q5YAAOSw1U5n0ECA/s-l500.webp,Unknown,Good,False,iPhone 13 Pro Max,True
1,Apple iPhone 13 Pro Max - 256GB - Alpine Green (Unlocked) - Excellent Condition,$509.99,2025-03-12,https://www.ebay.com/itm/306142389375,https://i.ebayimg.com/images/g/QwcAAOSwDGhnvIqJ/s-l500.webp,256 GB,Excellent,False,iPhone 13 Pro Max,True
1,Apple iPhone 13 Pro Max - 1TB- Fully Unlocked - EXCELLENT Condition,$584.99,2025-03-13,https://www.ebay.com/itm/226619663674,https://i.ebayimg.com/images/g/ndUAAOSwBYRnIVS9/s-l500.webp,Unknown,Unknown,False,iPhone 13 Pro Max,True
1,Apple iPhone 13 Pro Max 512GB Unlocked Good Condition,$505.60,2025-09-25,https://www.ebay.com/itm/356494369254,https://i.ebayimg.com/images/g/8ncAAOSwljRnkTwt/s-l500.webp,512 GB,Good,False,iPhone 13 Pro Max,True
1,iPhone 13 Pro Max - Unlocked - 256GB - Silver - Good,$465.00,2025-09-22,https://www.ebay.com/itm/276265302711,https://i.ebayimg.com/images/g/5GgAAOSwIullls8F/s-l500.webp,256 GB,Good,False,iPhone 13 Pro Max,True
1,Apple iPhone 13 Pro Max - 256 GB - Graphite (All Carriers) Good Refurbished,$454.99,2025-09-22,https://www.ebay.com/itm/286812005763,https://i.ebayimg.com/images/g/qyEAAeSw-5NowJCY/s-l500.webp,256 GB,Good,False,iPhone 13 Pro Max,True
1,Apple iPhone 13 Pro Max / 128GB / Network Unlocked / Very Good Condition,$439.00,2025-09-21,https://www.ebay.com/itm/156892030647,https://i.ebayimg.com/images/g/jWsAAOSwnT1n0Nl6/s-l500.webp,128 GB,Very Good,False,iPhone 13 Pro Max,True
1,Apple iPhone 13 Pro Max 1 TB Fully Unlocked - Excellent,$622.99,2025-09-21,https://www.ebay.com/itm/326572487268,https://i.ebayimg.com/images/g/bUMAAOSwff9oHit4/s-l500.webp,Unknown,Excellent,False,iPhone 13 Pro Max,True
1,Apple iPhone 13 Pro Max 256GB - Fully Unlocked - VERY GOOD Condition!!!!,$508.99,2025-09-18,https://www.ebay.com/itm/326545468151,https://i.ebayimg.com/images/g/ndUAAOSwBYRnIVS9/s-l500.webp,256 GB,Unknown,False,iPhone 13 Pro Max,True
1,Apple iPhone 13 Pro Max - 256 GB - Sierra Blue - Unlocked - Excellent Condition,$499.00,2025-09-18,https://www.ebay.com/itm/336162502812,https://i.ebayimg.com/images/g/s-MAAeSwLXRouooC/s-l500.webp,256 GB,Excellent,False,iPhone 13 Pro Max,True
1,Apple iPhone 13 Pro Max - 128 GB - Alpine Green - Unlocked - Excellent Condition,$489.00,2025-09-17,https://www.ebay.com/itm/336069205465,https://i.ebayimg.com/images/g/crMAAeSwhK9od2ec/s-l500.webp,128 GB,Excellent,False,iPhone 13 Pro Max,True
1,Apple iPhone 13 Pro Max - 128GB - Sierra Blue (Unlocked),$439.99,2025-09-17,https://www.ebay.com/itm/325713083330,https://i.ebayimg.com/images/g/Wx4AAOSwSfljmu4X/s-l500.webp,128 GB,Unknown,False,iPhone 13 Pro Max,True
1,Apple iPhone 13 Pro Max 256GB Unlocked - Excellent,$504.95,2025-09-17,https://www.ebay.com/itm/364007273533,https://i.ebayimg.com/images/g/V7EAAOSwbhFjLLxB/s-l500.webp,256 GB,Excellent,False,iPhone 13 Pro Max,True
1,Apple iPhone 13 Pro Max Blue 1000 Very Good - Refurbished  - Unlocked,$586.99,2025-08-16,https://www.ebay.com/itm/127244141089,https://i.ebayimg.com/images/g/e~QAAeSwnYJorw0r/s-l500.webp,Unknown,Very Good,False,iPhone 13 Pro Max,True
1,Apple iPhone 13 Pro Max Gold 256GB Excellent - Refurbished  - Unlocked,$514.99,2025-08-12,https://www.ebay.com/itm/127187183805,https://i.ebayimg.com/images/g/38wAAeSwWW1ommEA/s-l500.webp,256 GB,Excellent,False,iPhone 13 Pro Max,True
2,Apple iPhone 13 Pro Max Silver 512GB Good - Refurbished  - Unlocked,$500.99,2025-08-16,https://www.ebay.com/itm/127185439590,https://i.ebayimg.com/images/g/TfUAAeSwCWRooLrY/s-l500.webp,512 GB,Good,False,iPhone 13 Pro Max,True
2,Apple iPhone 13 Pro Max Gold 256GB Very Good - Refurbished  - Unlocked,$484.99,2025-08-03,https://www.ebay.com/itm/127185353493,https://i.ebayimg.com/images/g/oKcAAeSws9Fojku~/s-l500.webp,256 GB,Very Good,False,iPhone 13 Pro Max,True
2,"iPhone 13 Pro Max, 256GB, Unlocked, Alpine Green, MNCF3LL/A",$499.95,2025-09-15,https://www.ebay.com/itm/197638670292,https://i.ebayimg.com/images/g/-cgAAeSwGx1oqPtB/s-l500.webp,256 GB,Unknown,False,iPhone 13 Pro Max,True
2,"Apple iPhone 13 Pro Max A15 Bionic chip Pro 12MP camera system: Telephoto, Wide",$409.95,2025-09-14,https://www.ebay.com/itm/296874806068,https://i.ebayimg.com/images/g/sAEAAOSws-tndE3~/s-l500.webp,Unknown,Unknown,False,iPhone 13 Pro Max,True
2,Apple iPhone 13 Pro Max - 256 GB - Graphite - Unlocked - Excellent Condition,$499.00,2025-09-14,https://www.ebay.com/itm/336099870881,https://i.ebayimg.com/images/g/dHAAAeSwgjJoiy04/s-l500.webp,256 GB,Excellent,False,iPhone 13 Pro Max,True
2,Apple iPhone 13 Pro Max - 128 GB - Graphite (Unlocked),$510.03,2025-08-05,https://www.ebay.com/itm/187412553285,https://i.ebayimg.com/images/g/rXwAAeSwXghodQp2/s-l500.webp,128 GB,Unknown,False,iPhone 13 Pro Max,True
2,Apple iPhone 13 Pro Max Unlocked (A2484) - Very Good Condition,$509.99,2025-09-13,https://www.ebay.com/itm/185536021831,https://i.ebayimg.com/images/g/rccAAOSwXYVmu9Nf/s-l500.webp,Unknown,Very Good,False,iPhone 13 Pro Max,True
2,Apple iPhone 13 Pro Max - 128 GB - Sierra Blue - Unlocked - Excellent Condition,$489.00,2025-09-13,https://www.ebay.com/itm/335954523230,https://i.ebayimg.com/images/g/BZAAAOSwPedoHv6s/s-l500.webp,128 GB,Excellent,False,iPhone 13 Pro Max,True
2,Apple iPhone 13 Pro Max - 128GB - Verizon AT&T T-Mobile Unlocked (2021),$454.99,2025-09-13,https://www.ebay.com/itm/116666439046,https://i.ebayimg.com/images/g/evAAAOSw02xndBi1/s-l500.webp,128 GB,Unknown,False,iPhone 13 Pro Max,True
2,Apple iPhone 13 Pro Max 256GB Factory Unlocked - Sierra Blue MLF93LL/A iOS,$499.00,2025-09-13,https://www.ebay.com/itm/306494515785,https://i.ebayimg.com/images/g/ISkAAeSw-z5ow5Os/s-l500.webp,256 GB,Unknown,False,iPhone 13 Pro Max,True
2,Apple iPhone 13 Pro Max - 256 GB - Silver (Unlocked) - Excellent Condition,$499.00,2025-09-12,https://www.ebay.com/itm/336174649681,https://i.ebayimg.com/images/g/2ZwAAeSwx4pow-qc/s-l500.webp,256 GB,Excellent,False,iPhone 13 Pro Max,True
2,iPhone 13 Pro Max 128gb Sierra Blue Unlocked *No Face ID*,$329.00,2025-09-11,https://www.ebay.com/itm/406117050777,https://i.ebayimg.com/images/g/cpoAAeSwosxolodU/s-l500.webp,128 GB,Unknown,False,iPhone 13 Pro Max,True
2,Apple iPhone 13 Pro Max 128/256/512GB A2484 Unlocked Very Good,$479.99,2025-08-15,https://www.ebay.com/itm/276267084460,https://i.ebayimg.com/images/g/-0AAAeSwseBoAl8X/s-l500.webp,512 GB,Very Good,False,iPhone 13 Pro Max,True
2,Apple iPhone 13 Pro Max Unlocked (A2484) - Excellent Condition,$519.99,2025-09-09,https://www.ebay.com/itm/185536048323,https://i.ebayimg.com/images/g/U~kAAOSw5SNmu9Nb/s-l500.webp,Unknown,Excellent,False,iPhone 13 Pro Max,True
2,iPhone 13 Pro Max - Fully Unlocked - 128GB - Gray - Very Good,$445.00,2025-09-09,https://www.ebay.com/itm/285629829399,https://i.ebayimg.com/images/g/ZqkAAOSwCAFiWgC8/s-l500.webp,128 GB,Very Good,False,iPhone 13 Pro Max,True
2,Apple iPhone 13 Pro Max A2484 128GB Network Unlocked Very Good,$485.69,2025-09-08,https://www.ebay.com/itm/354593770842,https://i.ebayimg.com/images/g/BVQAAOSwRO1jcm3H/s-l500.webp,128 GB,Very Good,False,iPhone 13 Pro Max,True
2,Apple iPhone 13 Pro Max - 256GB - Graphite (Unlocked) - Good Condition,$469.99,2025-09-06,https://www.ebay.com/itm/306481599682,https://i.ebayimg.com/images/g/NxwAAeSwUOFotssH/s-l500.webp,256 GB,Good,False,iPhone 13 Pro Max,True
2,Apple iPhone 13 Pro Max - 1 TB - Graphite - Unlocked - Good Refurbished,$509.99,2025-09-05,https://www.ebay.com/itm/127114350628,https://i.ebayimg.com/images/g/bIwAAOSwBh5jJGWA/s-l500.webp,Unknown,Good,False,iPhone 13 Pro Max,True
2,Apple iPhone 13 Pro Max - 256 GB - Silver (Unlocked) - Very Good Condition,$479.00,2025-09-05,https://www.ebay.com/itm/336162505973,https://i.ebayimg.com/images/g/I3EAAeSwQZZouots/s-l500.webp,256 GB,Very Good,False,iPhone 13 Pro Max,True
2,Apple iPhone 13 Pro Max - 128 GB - Graphite - Unlocked - Very Good Condition,$422.10,2025-09-05,https://www.ebay.com/itm/335951136763,https://i.ebayimg.com/images/g/lgQAAOSwEIlnvEQN/s-l500.webp,128 GB,Very Good,False,iPhone 13 Pro Max,True
2,Apple iPhone 13 Pro Max 512GB Unlocked Good Condition - All Colors,$499.99,2025-09-04,https://www.ebay.com/itm/285596675004,https://i.ebayimg.com/images/g/ZlMAAOSwZPpmjZtm/s-l500.webp,512 GB,Good,False,iPhone 13 Pro Max,True
2,Apple iPhone 13 Pro Max - Unlocked 256GB Alpine Green - Fair,$439.00,2025-09-04,https://www.ebay.com/itm/286090521612,https://i.ebayimg.com/images/g/zY4AAOSwBTlkyR57/s-l500.webp,256 GB,Unknown,False,iPhone 13 Pro Max,True
2,Apple iPhone 13 Pro Max - 128 GB - Gold - Unlocked - Good Refurbished,$425.00,2025-09-04,https://www.ebay.com/itm/127019750450,https://i.ebayimg.com/images/g/QsYAAOSwfzNn5xHh/s-l500.webp,128 GB,Good,False,iPhone 13 Pro Max,True
2,Apple iPhone 13 Pro Max - 1TB - Alpine Green (Unlocked) - Very Good Condition,$579.99,2025-09-04,https://www.ebay.com/itm/306481598041,https://i.ebayimg.com/images/g/BrcAAeSwUFJoqBHc/s-l500.webp,Unknown,Very Good,False,iPhone 13 Pro Max,True
2,Apple iPhone 13 Pro Max - 128GB 256GB 512GB - All Colors - Excellent Condition,$469.00,2025-09-03,https://www.ebay.com/itm/284790606201,https://i.ebayimg.com/images/g/7AQAAOSwopViaxmt/s-l500.webp,128 GB,Excellent,False,iPhone 13 Pro Max,True
2,Apple iPhone 13 Pro Max 1TB Unlocked Good Condition - All Colors,$529.99,2025-08-31,https://www.ebay.com/itm/285596675077,https://i.ebayimg.com/images/g/4nsAAOSwiptmjZt5/s-l500.webp,Unknown,Good,False,iPhone 13 Pro Max,True
2,Apple iPhone 13 Pro Max - 128 GB - Sierra Blue Unlocked - Excellent Refurbished,$459.99,2025-08-31,https://www.ebay.com/itm/126995568531,https://i.ebayimg.com/images/g/sfwAAOSw1hln1fff/s-l500.webp,128 GB,Excellent,False,iPhone 13 Pro Max,True
2,Apple iPhone 13 Pro Max - 512 GB - Alpine Green - Unlocked - Good Refurbished,$449.95,2025-08-29,https://www.ebay.com/itm/127114352971,https://i.ebayimg.com/images/g/YlgAAOSwtjpk73zb/s-l500.webp,512 GB,Good,False,iPhone 13 Pro Max,True
2,Apple iPhone 13 Pro Max (6.7-in) Smartphone A2484 Unlocked - 128GB/Sierra Blue,$399.99,2025-08-29,https://www.ebay.com/itm/146800841092,https://i.ebayimg.com/images/g/s7sAAeSwRFRo3nhH/s-l500.webp,128 GB,Unknown,False,iPhone 13 Pro Max,True
2,Apple iPhone 13 Pro Max Graphite 512GB Very Good - Refurbished  - Unlocked,$530.99,2025-07-30,https://www.ebay.com/itm/127271517634,https://i.ebayimg.com/images/g/DjEAAeSwNpxoiN2s/s-l500.webp,512 GB,Very Good,False,iPhone 13 Pro Max,True
2,iPhone 13 Pro Max 128gb Graphite Unlocked - Good,$349.99,2025-08-28,https://www.ebay.com/itm/406117019651,https://i.ebayimg.com/images/g/AE4AAeSwjuVoloKD/s-l500.webp,128 GB,Good,False,iPhone 13 Pro Max,True
2,Apple iPhone 13 Pro Max 512GB Fully Unlocked - Good,$529.99,2025-08-27,https://www.ebay.com/itm/226885093247,https://i.ebayimg.com/images/g/bUMAAOSwff9oHit4/s-l500.webp,512 GB,Good,False,iPhone 13 Pro Max,True
2,Apple iPhone 13 Pro Max 5G 128GB 256GB 512GB 1TB Factory Unlocked Good Grade,$429.99,2025-08-27,https://www.ebay.com/itm/286583264214,https://i.ebayimg.com/images/g/IfYAAOSwZwJhm8GJ/s-l500.webp,128 GB,Good,False,iPhone 13 Pro Max,True
2,Apple iPhone 13 Pro Max 512GB - Fully Unlocked - VERY GOOD Condition,$522.99,2025-08-26,https://www.ebay.com/itm/226750364979,https://i.ebayimg.com/images/g/ndUAAOSwBYRnIVS9/s-l500.webp,512 GB,Unknown,False,iPhone 13 Pro Max,True
2,Apple iPhone 13 Pro Max - 128 GB - Sierra Blue -Unlocked- Refurbished MLKP3LL/A,$374.99,2025-08-26,https://www.ebay.com/itm/205693221239,https://i.ebayimg.com/images/g/6G4AAeSw521orfCv/s-l500.webp,128 GB,Unknown,False,iPhone 13 Pro Max,True
2,iPhone 13 Pro Max 512gb Graphite Unlocked - Good,$405.00,2025-08-26,https://www.ebay.com/itm/406129936825,https://i.ebayimg.com/images/g/-twAAeSweOFonN5b/s-l500.webp,512 GB,Good,False,iPhone 13 Pro Max,True
2,Apple iPhone 13 Pro Max 128GB Unlocked - Excellent,$439.99,2025-08-25,https://www.ebay.com/itm/256488374956,https://i.ebayimg.com/images/g/rTgAAeSwgfNoNyo0/s-l500.webp,128 GB,Excellent,False,iPhone 13 Pro Max,True
2,Apple iPhone 13 Pro Max A2484 1TB Unlocked Excellent Condition,$624.76,2025-08-25,https://www.ebay.com/itm/388195525404,https://i.ebayimg.com/images/g/THgAAeSwM61n7xho/s-l500.webp,Unknown,Excellent,False,iPhone 13 Pro Max,True
2,"Apple iPhone 13 Pro Max-  Fully Unlocked  6.7"" - 128GB -Very Good",$489.00,2025-08-24,https://www.ebay.com/itm/165778620268,https://i.ebayimg.com/images/g/Mr8AAeSwzydo7MZ5/s-l500.webp,128 GB,Very Good,False,iPhone 13 Pro Max,True
2,Apple iPhone 13 Pro Max A2484 128GB Unlocked Good Condition,$468.20,2025-08-23,https://www.ebay.com/itm/387907209876,https://i.ebayimg.com/images/g/-hYAAeSwAb5np2hy/s-l500.webp,128 GB,Good,False,iPhone 13 Pro Max,True
2,"Apple iPhone 13 Pro Max A2484 128GB Unlocked Smartphone, Very Good",$481.03,2025-08-22,https://www.ebay.com/itm/267132973163,https://i.ebayimg.com/images/g/rkUAAOSwE95k~0~A/s-l500.webp,128 GB,Very Good,False,iPhone 13 Pro Max,True
2,Apple iPhone 13 Pro Max Smartphone A2484 1TB Unlocked Very Good,$629.00,2025-08-22,https://www.ebay.com/itm/226225626779,https://i.ebayimg.com/images/g/o4YAAOSw~0tmhewS/s-l500.webp,Unknown,Very Good,False,iPhone 13 Pro Max,True
2,Apple iPhone 13 Pro Max 128GB Sierra Blue Unlocked *Read Desc*,$349.00,2025-08-21,https://www.ebay.com/itm/406077790115,https://i.ebayimg.com/images/g/s8oAAeSw3R1of~Mf/s-l500.webp,128 GB,Unknown,False,iPhone 13 Pro Max,True
2,Apple iPhone 13 Pro Max - 1 TB - Gold - Unlocked - Excellent Refurbished,$539.48,2025-08-21,https://www.ebay.com/itm/127100225962,https://i.ebayimg.com/images/g/K3kAAOSwWdBjmeJP/s-l500.webp,Unknown,Excellent,False,iPhone 13 Pro Max,True
2,Apple iPhone 13 Pro Max A2484 128GB Unlocked Excellent Condition,$470.10,2025-08-15,https://www.ebay.com/itm/388195147730,https://i.ebayimg.com/images/g/5b0AAeSwcqxn7vhT/s-l500.webp,128 GB,Excellent,False,iPhone 13 Pro Max,True
2,Apple iphone 13 PRO MAX Factory Unlocked 256GB A2484 GSM CDMA 1Year,$599.99,2025-08-14,https://www.ebay.com/itm/267222518126,https://i.ebayimg.com/images/g/WUYAAOSwGJ5nL-PB/s-l500.webp,256 GB,Unknown,False,iPhone 13 Pro Max,True
2,Apple iPhone 13 Pro Max Alpine Green 256GB Unlocked - Good Condition w/ Chip,$419.99,2025-08-14,https://www.ebay.com/itm/297457496154,https://i.ebayimg.com/images/g/BfUAAeSwJFVobVbX/s-l500.webp,256 GB,Good,False,iPhone 13 Pro Max,True
2,Apple iPhone 13 Pro Max 5G 128GB 256GB 512GB 1TB Factory Unlocked Grade A,$509.99,2025-08-13,https://www.ebay.com/itm/294570701976,https://i.ebayimg.com/images/g/IfYAAOSwZwJhm8GJ/s-l500.webp,128 GB,Unknown,False,iPhone 13 Pro Max,True
2,Apple iPhone 13 Pro Max  6.7in 128GB - Fully Unlocked -  Excellent,$464.00,2025-08-13,https://www.ebay.com/itm/166339758932,https://i.ebayimg.com/images/g/ohIAAeSw7QZo5kv5/s-l500.webp,128 GB,Excellent,False,iPhone 13 Pro Max,True
2,Apple iPhone 13 Pro Max 128GB All Colors Unlocked A2484 ~ Excellent Condition!,$484.99,2025-08-12,https://www.ebay.com/itm/326450443960,https://i.ebayimg.com/images/g/94wAAOSw5Ttl3Qxm/s-l500.webp,128 GB,Excellent,False,iPhone 13 Pro Max,True
2,iPhone 13 Pro Max 128gb Graphite Unlocked - Great,$349.99,2025-08-11,https://www.ebay.com/itm/406124341452,https://i.ebayimg.com/images/g/ctIAAeSw79homheG/s-l500.webp,128 GB,Unknown,False,iPhone 13 Pro Max,True
2,iPhone 13 Pro Max 256gb Sierra Blue Unlocked - Very Good,$399.00,2025-08-11,https://www.ebay.com/itm/406124313371,https://i.ebayimg.com/images/g/BVYAAeSwNtNolorr/s-l500.webp,256 GB,Very Good,False,iPhone 13 Pro Max,True
2,iPhone 13 Pro Max 128gb Silver Unlocked - Excellent,$339.99,2025-08-08,https://www.ebay.com/itm/406117029864,https://i.ebayimg.com/images/g/LMYAAeSwi8loloUe/s-l500.webp,128 GB,Excellent,False,iPhone 13 Pro Max,True
2,Apple iPhone 13 Pro Max - 512GB - Gold (Unlocked) - Very Good Condition,$549.99,2025-08-08,https://www.ebay.com/itm/306435092376,https://i.ebayimg.com/images/g/RFUAAeSwtLtoikBZ/s-l500.webp,512 GB,Very Good,False,iPhone 13 Pro Max,True
2,"Apple iPhone 13 Pro Max 256GB 6.7"",Â Graphite",$499.99,2025-08-08,https://www.ebay.com/itm/365780573198,https://i.ebayimg.com/images/g/wJYAAeSw3wFoksSM/s-l500.webp,256 GB,Unknown,False,iPhone 13 Pro Max,True
2,Apple iPhone 13 Pro Max- 128GB - Factory Unlocked - Very Good Condition,$480.00,2025-08-07,https://www.ebay.com/itm/115970811845,https://i.ebayimg.com/images/g/2CMAAOSwSxFlTWBf/s-l500.webp,128 GB,Very Good,False,iPhone 13 Pro Max,True
2,iPhone 13 Pro Max - Factory Unlocked - 256GB - Gray - Good,$465.00,2025-08-07,https://www.ebay.com/itm/276255256825,https://i.ebayimg.com/images/g/ZqkAAOSwCAFiWgC8/s-l500.webp,256 GB,Good,False,iPhone 13 Pro Max,True
2,iPhone 13 Pro Max - Factory Unlocked - 256GB - Blue - Good,$465.00,2025-08-07,https://www.ebay.com/itm/285638055622,https://i.ebayimg.com/images/g/CyAAAeSwnVpoemvr/s-l500.webp,256 GB,Good,False,iPhone 13 Pro Max,True
2,Apple iPhone 13 Pro Max 256GB (Unlocked) - Gold,$454.95,2025-08-04,https://www.ebay.com/itm/146752092312,https://i.ebayimg.com/images/g/B~AAAeSw4CBokS32/s-l500.webp,256 GB,Unknown,False,iPhone 13 Pro Max,True
2,Apple iPhone 13 Pro Max  1TB- Fully Unlocked - VERY GOOD Condition,$550.99,2025-08-04,https://www.ebay.com/itm/226619662480,https://i.ebayimg.com/images/g/ndUAAOSwBYRnIVS9/s-l500.webp,Unknown,Unknown,False,iPhone 13 Pro Max,True
2,Apple iPhone 13 Pro Max - 1 TB - Silver - Unlocked - Good Refurbished,$510.99,2025-08-04,https://www.ebay.com/itm/127274192834,https://i.ebayimg.com/images/g/A-gAAOSwJvxhQhsT/s-l500.webp,Unknown,Good,False,iPhone 13 Pro Max,True
2,Apple iPhone 13 Pro Max 128GB Unlocked 5G (GSM + CDMA) - Excellent,$623.95,2025-08-02,https://www.ebay.com/itm/376209536378,https://i.ebayimg.com/images/g/5RoAAOSwo6doESbc/s-l500.webp,128 GB,Excellent,False,iPhone 13 Pro Max,True
2,Apple iPhone 13 Pro Max 128GB (Unlocked) - Alpine Green,$439.98,2025-08-01,https://www.ebay.com/itm/146745112509,https://i.ebayimg.com/images/g/QmIAAeSwgWRojP37/s-l500.webp,128 GB,Unknown,False,iPhone 13 Pro Max,True
2,Apple iPhone 13 Pro Max (6.7-in) Smartphone (A2484) Unlocked - 512GB / Blue,$594.99,2025-07-30,https://www.ebay.com/itm/146741447126,https://i.ebayimg.com/images/g/6wIAAeSwpt1oi3CB/s-l500.webp,512 GB,Unknown,False,iPhone 13 Pro Max,True
2,Apple iPhone 13 Pro Max 128GB 256GB 512GB 1TB (T-Mobile) All Colors,$414.97,2025-07-30,https://www.ebay.com/itm/225871737829,https://i.ebayimg.com/images/g/ikcAAOSwNJ5keged/s-l500.webp,128 GB,Unknown,False,iPhone 13 Pro Max,True
2,Apple iPhone 13 Pro Max (5G) - 1TB Blue *UNLOCKED* [A2484] Excellent Refurb,$606.99,2025-07-26,https://www.ebay.com/itm/145591959795,https://i.ebayimg.com/images/g/bzoAAOSw6X1lly5M/s-l500.webp,Unknown,Excellent,False,iPhone 13 Pro Max,True
2,Apple iPhone 13 Pro Max Graphite 256GB Unlocked - Good w/ Burn In/Chipping,$399.99,2025-07-25,https://www.ebay.com/itm/277229943387,https://i.ebayimg.com/images/g/qEYAAeSw9rJoWXuD/s-l500.webp,256 GB,Good,False,iPhone 13 Pro Max,True
2,Apple iPhone 13 Pro Max - 256 GB - Gold - Unlocked - Good Refurbished,$459.00,2025-07-25,https://www.ebay.com/itm/127019752462,https://i.ebayimg.com/images/g/eCIAAOSwpc9jmpYw/s-l500.webp,256 GB,Good,False,iPhone 13 Pro Max,True
