Page,Title,Price,Sold Date,Link,Image Link,Storage,Condition,PartsOnly,Model,iPhone_13
1,Apple iPhone 13 A2482 (Fully Unlocked) 128GB Black (Excellent),$282.99,2025-10-22,https://www.ebay.com/itm/286883432473,https://i.ebayimg.com/images/g/hD0AAeSwtplo8saV/s-l140.webp,128 GB,Excellent,False,iPhone 13,True
1,Apple iPhone 13 Midnight 128GB Good - Refurbished  - Unlocked,$289.99,2025-10-22,https://www.ebay.com/itm/127404799625,https://i.ebayimg.com/images/g/q7QAAeSwWyNo9bqv/s-l140.webp,128 GB,Good,False,iPhone 13,True
1,Apple iPhone 13 Starlight 128GB Good - Refurbished  - Unlocked,$289.99,2025-10-22,https://www.ebay.com/itm/127404800565,https://i.ebayimg.com/images/g/j2gAAeSwymlo-XaI/s-l140.webp,128 GB,Good,False,iPhone 13,True
1,Apple iPhone 13 128GB Unlocked 90%+ Battery (Midnight) A2482 w/1 Year Warranty,$289.00,2025-10-22,https://www.ebay.com/itm/146760804084,https://i.ebayimg.com/images/g/M7AAAeSwh6Foljxv/s-l140.webp,128 GB,Unknown,False,iPhone 13,True
1,Apple iPhone 13 512GB Factory Unlocked AT&T T-Mobile Verizon Good Condition,$326.95,2025-10-22,https://www.ebay.com/itm/295317456494,https://i.ebayimg.com/images/g/h-oAAOSwu99lDb~o/s-l140.webp,512 GB,Good,False,iPhone 13,True
1,Apple iPhone 13 128GB Unlocked - Excellent,$290.95,2025-10-22,https://www.ebay.com/itm/404240045218,https://i.ebayimg.com/images/g/~z8AAOSwVZxkNGTt/s-l140.webp,128 GB,Excellent,False,iPhone 13,True
1,Apple iPhone 13 A2482 128GB Network Unlocked Very Good Condition,$301.44,2025-10-22,https://www.ebay.com/itm/354393355064,https://i.ebayimg.com/images/g/DDcAAOSwEjhjcrCI/s-l140.webp,128 GB,Very Good,False,iPhone 13,True
1,Apple iPhone 13 Green 128GB Good - Refurbished  - Unlocked,$289.99,2025-10-22,https://www.ebay.com/itm/127404800161,https://i.ebayimg.com/images/g/U3sAAeSw0a9o-Yfq/s-l140.webp,128 GB,Good,False,iPhone 13,True
1,Apple iPhone 13 128GB 6.1in  Fully Unlocked  - Good,$274.00,2025-10-22,https://www.ebay.com/itm/134353979702,https://i.ebayimg.com/images/g/TEcAAeSwg2Vopjxh/s-l140.webp,128 GB,Good,False,iPhone 13,True
1,Apple iPhone 13 128GB Factory Unlocked AT&T T-Mobile Verizon Excellent Condition,$298.95,2025-10-22,https://www.ebay.com/itm/304568689089,https://i.ebayimg.com/images/g/YYMAAOSwTgNlDb4Y/s-l140.webp,128 GB,Excellent,False,iPhone 13,True
1,APPLE iPhone 13 A2482 128GB Unlocked Blue iOS 17 -Very Good,$269.99,2025-10-22,https://www.ebay.com/itm/389108024322,https://i.ebayimg.com/images/g/u-4AAeSwPF9o8oYC/s-l140.webp,128 GB,Very Good,False,iPhone 13,True
1,"Apple iPhone 13, 128/256/512GB - Unlocked - Refurbished Excellent",$314.99,2025-10-22,https://www.ebay.com/itm/326721918490,https://i.ebayimg.com/images/g/sMQAAOSwcSFkCfCZ/s-l140.webp,512 GB,Excellent,False,iPhone 13,True
1,Apple iPhone 13 128GB Unlocked - Very Good,$276.95,2025-10-22,https://www.ebay.com/itm/404240048516,https://i.ebayimg.com/images/g/L38AAOSwjZ5kNFYd/s-l140.webp,128 GB,Very Good,False,iPhone 13,True
1,Apple iPhone 13 A2482 (Fully Unlocked) 128GB Black (Very Good),$273.99,2025-10-22,https://www.ebay.com/itm/286883394862,https://i.ebayimg.com/images/g/y3IAAeSwOito8sFK/s-l140.webp,128 GB,Very Good,False,iPhone 13,True
1,Apple iPhone 13 - 128 GB - Midnight Black - Unlocked - 100% BATTERY,$325.00,2025-10-22,https://www.ebay.com/itm/267404334530,https://i.ebayimg.com/images/g/O1AAAeSwyHFoyFLF/s-l140.webp,128 GB,Unknown,False,iPhone 13,True
1,Apple iPhone 13 256GB Unlocked - Excellent,$312.95,2025-10-22,https://www.ebay.com/itm/386511533624,https://i.ebayimg.com/images/g/~z8AAOSwVZxkNGTt/s-l140.webp,256 GB,Excellent,False,iPhone 13,True
1,Apple iPhone 13 A2482 128GB - Fully Unlocked- Black & Blue - Very Good Condition,$280.00,2025-10-22,https://www.ebay.com/itm/127083143769,https://i.ebayimg.com/images/g/HnIAAOSwKz9nFp4Z/s-l140.webp,128 GB,Very Good,False,iPhone 13,True
1,Apple iPhone 13 - 128 GB - Midnight Black - Unlocked - 90%+ Battery Very Good,$299.00,2025-10-22,https://www.ebay.com/itm/335899514268,https://i.ebayimg.com/images/g/fSoAAOSwbUJntw14/s-l140.webp,128 GB,Very Good,False,iPhone 13,True
1,Apple iPhone 13 - 128GB 256GB 512GB - All Colors - Good Condition,$264.00,2025-10-22,https://www.ebay.com/itm/284798167339,https://i.ebayimg.com/images/g/rqsAAOSwLwZiar2B/s-l140.webp,128 GB,Good,False,iPhone 13,True
1,Apple iPhone 13 - 128GB 256GB 512GB - All Colors - Very Good Condition,$299.00,2025-10-22,https://www.ebay.com/itm/275298470570,https://i.ebayimg.com/images/g/rqsAAOSwLwZiar2B/s-l140.webp,128 GB,Very Good,False,iPhone 13,True
1,Apple iPhone 13 (5G) - 512GB Starlight White *UNLOCKED* [A2482] Very Good Refurb,$330.99,2025-04-25,https://www.ebay.com/itm/146213963391,https://i.ebayimg.com/images/g/uxUAAOSwZdZlpZXP/s-l140.webp,512 GB,Very Good,False,iPhone 13,True
1,Apple iPhone 13 256GB Unlocked - Very Good,$298.95,2025-10-22,https://www.ebay.com/itm/385780950444,https://i.ebayimg.com/images/g/L38AAOSwjZ5kNFYd/s-l140.webp,256 GB,Very Good,False,iPhone 13,True
1,Apple iPhone 13 256GB Unlocked Fully Functional All Colors - Excellent Condition,$337.49,2025-10-22,https://www.ebay.com/itm/176423190223,https://i.ebayimg.com/images/g/4OUAAOSwRLxmaxaK/s-l140.webp,256 GB,Excellent,False,iPhone 13,True
1,Apple iPhone 13 Starlight 256GB Good - Refurbished  - Unlocked,$295.99,2025-10-22,https://www.ebay.com/itm/127198132945,https://i.ebayimg.com/images/g/9CQAAeSwZ2Fo-QRu/s-l140.webp,256 GB,Good,False,iPhone 13,True
1,Apple iPhone 13 - 128 GB - Midnight Black - Unlocked - Very Good Condition,$289.00,2025-10-22,https://www.ebay.com/itm/335934594055,https://i.ebayimg.com/images/g/G64AAOSw5tRoD091/s-l140.webp,128 GB,Very Good,False,iPhone 13,True
1,Apple iPhone 13 (Unlocked) 128 256 512 Starlight Red Blue Green Pink Black- Good,$280.99,2025-10-22,https://www.ebay.com/itm/156561794621,https://i.ebayimg.com/images/g/SPkAAOSwAL1nULD~/s-l140.webp,Unknown,Good,False,iPhone 13,True
1,Apple iPhone 13 128GB 5G BLACK Smartphone (AT&T UNLOCKED GSM) T-Mobile VERY GOOD,$269.88,2025-10-21,https://www.ebay.com/itm/205535648873,https://i.ebayimg.com/images/g/e7oAAOSwwpJn~s~o/s-l140.webp,128 GB,Unknown,False,iPhone 13,True
1,Apple iPhone 13 Red 256GB Good - Refurbished  - Unlocked,$295.99,2025-10-21,https://www.ebay.com/itm/127198133875,https://i.ebayimg.com/images/g/c2UAAeSwbONo-MAZ/s-l140.webp,256 GB,Good,False,iPhone 13,True
1,Apple iPhone 13 - Fully Unlocked - 6.1inches - 128GB - Excellent,$304.00,2025-10-21,https://www.ebay.com/itm/166477408867,https://i.ebayimg.com/images/g/L0wAAeSwDKFopjxH/s-l140.webp,128 GB,Excellent,False,iPhone 13,True
1,Apple iPhone 13 - 128GB - Unlocked - Excellent Refurbished - All Colors,$320.00,2025-03-31,https://www.ebay.com/itm/156143442968,https://i.ebayimg.com/images/g/zA0AAOSwGLJmBaYp/s-l140.webp,128 GB,Excellent,False,iPhone 13,True
1,APPLE iPhone 13 A2482 128GB Unlocked Blue iOS 17 -Good,$251.99,2025-10-21,https://www.ebay.com/itm/297686656794,https://i.ebayimg.com/images/g/0OcAAeSwPPJo78Lc/s-l140.webp,128 GB,Good,False,iPhone 13,True
1,"Apple iPhone 13 128GB Midnight Black Unlocked, 90%+ Battery Excellent Condition",$303.05,2025-10-21,https://www.ebay.com/itm/335845634579,https://i.ebayimg.com/images/g/OmIAAOSwhsxntEkj/s-l140.webp,128 GB,Excellent,False,iPhone 13,True
1,Apple iPhone 13 (5G) - 128GB Starlight White *UNLOCKED* [A2482] Very Good,$277.99,2025-10-21,https://www.ebay.com/itm/146491473779,https://i.ebayimg.com/images/g/uxUAAOSwZdZlpZXP/s-l140.webp,128 GB,Very Good,False,iPhone 13,True
1,Apple iPhone 13 512GB Unlocked - Excellent,$360.95,2025-10-21,https://www.ebay.com/itm/364884544712,https://i.ebayimg.com/images/g/L38AAOSwjZ5kNFYd/s-l140.webp,512 GB,Excellent,False,iPhone 13,True
1,Apple iPhone 13 Pink 128GB Good - Refurbished  - Unlocked,$289.99,2025-10-21,https://www.ebay.com/itm/127404800412,https://i.ebayimg.com/images/g/Q4AAAeSw9Axo-QRl/s-l140.webp,128 GB,Good,False,iPhone 13,True
1,Apple iPhone 13 Pink 256GB Good - Refurbished  - Unlocked,$295.99,2025-10-21,https://www.ebay.com/itm/127198133800,https://i.ebayimg.com/images/g/dNQAAeSwqn1o97Ur/s-l140.webp,256 GB,Good,False,iPhone 13,True
1,Apple iPhone 13 Pink 256GB Very Good - Refurbished  - Unlocked,$315.99,2025-10-21,https://www.ebay.com/itm/127313007138,https://i.ebayimg.com/images/g/rTYAAeSwYFFo97qU/s-l140.webp,256 GB,Very Good,False,iPhone 13,True
1,Apple iPhone 13 Green 256GB Good - Refurbished  - Unlocked,$295.99,2025-10-21,https://www.ebay.com/itm/127198133659,https://i.ebayimg.com/images/g/coIAAeSwyj1o94Ov/s-l140.webp,256 GB,Good,False,iPhone 13,True
1,"Apple iPhone 13 128GB All Colors Fully Unlocked, 85%+ Battery Very Good",$289.00,2025-10-21,https://www.ebay.com/itm/335845623206,https://i.ebayimg.com/images/g/mIUAAOSw8jZntEjE/s-l140.webp,128 GB,Very Good,False,iPhone 13,True
1,Apple iPhone 13 256GB Factory Unlocked AT&T T-Mobile Verizon Very Good Condition,$288.95,2025-10-21,https://www.ebay.com/itm/295228030112,https://i.ebayimg.com/images/g/opwAAOSwi2RlDb7w/s-l140.webp,256 GB,Very Good,False,iPhone 13,True
1,"Apple iPhone 13, A2482, 128GB, Unlocked, Excellent Condition",$290.87,2025-10-21,https://www.ebay.com/itm/354593664308,https://i.ebayimg.com/images/g/MUwAAOSwuJtjcrgK/s-l140.webp,128 GB,Excellent,False,iPhone 13,True
1,Apple iPhone 13 128GB256GB512GB A2482 Unlocked Great,$249.99,2025-10-21,https://www.ebay.com/itm/277326191208,https://i.ebayimg.com/images/g/UPQAAeSwMQhonlPy/s-l140.webp,512 GB,Unknown,False,iPhone 13,True
1,Apple iPhone 13 (5G) 512GB | 256GB | 128GB | GSM+CDMA Factory Unlocked Excellent,$329.88,2025-10-21,https://www.ebay.com/itm/364799866194,https://i.ebayimg.com/images/g/t8QAAOSwXt1l-zLI/s-l140.webp,512 GB,Excellent,False,iPhone 13,True
1,Apple iPhone 13 A15 Bionic chip Dual 12MP camera system: Main and Ultra Wide cam,$344.95,2025-10-20,https://www.ebay.com/itm/126824091753,https://i.ebayimg.com/images/g/nPQAAOSwA6hnfWUr/s-l140.webp,Unknown,Unknown,False,iPhone 13,True
1,Apple iPhone 13 256GB Network Unlocked Very Good Condition,$277.50,2025-10-20,https://www.ebay.com/itm/356467470788,https://i.ebayimg.com/images/g/fDkAAOSwmNNnhp0I/s-l140.webp,256 GB,Very Good,False,iPhone 13,True
1,"Apple iPhone 13, 128/256/512GB - Unlocked - Refurbished B Grade",$294.99,2025-10-20,https://www.ebay.com/itm/326721985024,https://i.ebayimg.com/images/g/sMQAAOSwcSFkCfCZ/s-l140.webp,512 GB,Unknown,False,iPhone 13,True
1,Apple iPhone 13 | 13 mini - 128GB | 256GB Unlocked T-Mobile AT&T Verizon - Good,$329.95,2025-10-20,https://www.ebay.com/itm/267237449583,https://i.ebayimg.com/images/g/gjgAAOSwCzBm7Fxu/s-l140.webp,128 GB,Good,False,iPhone 13,True
1,Apple iPhone 13 128GB Unlocked - Good,$262.95,2025-10-20,https://www.ebay.com/itm/364213876667,https://i.ebayimg.com/images/g/sSwAAOSwEYJkNF~h/s-l140.webp,128 GB,Good,False,iPhone 13,True
1,"Apple iPhone 13 6.1"" Unlocked 128GB (Pink) A2482 - w/1 Year Warranty",$292.00,2025-10-20,https://www.ebay.com/itm/145691030276,https://i.ebayimg.com/images/g/5WoAAOSwMnpmBGHI/s-l140.webp,128 GB,Unknown,False,iPhone 13,True
1,"Apple iPhone 13 128GB Unlocked 6.1"" (Blue) A2482 - w/1 Year Warranty",$282.00,2025-10-20,https://www.ebay.com/itm/355565880275,https://i.ebayimg.com/images/g/u9UAAOSw~8Nl~H0g/s-l140.webp,128 GB,Unknown,False,iPhone 13,True
2,Apple iPhone 13 - 256 GB - Pink - Fully Unlocked - Very Good Condition,$312.55,2025-10-20,https://www.ebay.com/itm/335899600130,https://i.ebayimg.com/images/g/uiUAAOSwU3Zn83op/s-l500.webp,256 GB,Very Good,False,iPhone 13,True
2,Apple iPhone 13 128GB Unlocked - Very Good,$299.99,2025-10-20,https://www.ebay.com/itm/256350256036,https://i.ebayimg.com/images/g/VwcAAeSwl3loL-lr/s-l500.webp,128 GB,Very Good,False,iPhone 13,True
2,Apple iPhone 13 128GB Unlocked Excellent Condition - All Colors,$319.99,2025-10-20,https://www.ebay.com/itm/296095942960,https://i.ebayimg.com/images/g/eCsAAOSw5gZmjZv6/s-l500.webp,128 GB,Excellent,False,iPhone 13,True
2,Apple iPhone 13 Starlight 256GB Very Good - Refurbished  - Unlocked,$315.99,2025-10-20,https://www.ebay.com/itm/127187183250,https://i.ebayimg.com/images/g/Oh0AAeSwxoVo9tuR/s-l500.webp,256 GB,Very Good,False,iPhone 13,True
2,Apple iPhone 13 5G 128GB GSM/CDMA Fully Unlocked - Midnight - Very Good,$292.89,2025-10-20,https://www.ebay.com/itm/394984736496,https://i.ebayimg.com/images/g/WKAAAOSwLY5lSpnY/s-l500.webp,128 GB,Very Good,False,iPhone 13,True
2,Apple iPhone 13 Blue 128GB Good - Refurbished  - Unlocked,$289.99,2025-10-20,https://www.ebay.com/itm/127404800523,https://i.ebayimg.com/images/g/jVIAAeSwpFxo9lZj/s-l500.webp,128 GB,Good,False,iPhone 13,True
2,Apple iPhone 13 6.1'' 128GB 256GB 512GB Unlocked - Fair(Refurbished),$269.99,2025-10-19,https://www.ebay.com/itm/146867095400,https://i.ebayimg.com/images/g/2xQAAeSwz~Vo3ZA4/s-l500.webp,128 GB,Unknown,False,iPhone 13,True
2,Apple iPhone 13 - 256 GB - Blue (Unlocked) - 90%+ Battery Excellent Condition,$329.00,2025-10-19,https://www.ebay.com/itm/335899552982,https://i.ebayimg.com/images/g/CB4AAOSwUeJntw1Y/s-l500.webp,256 GB,Excellent,False,iPhone 13,True
2,"Apple iPhone 13, 256GB, - Unlocked - Product Red - Excellent",$320.00,2025-10-19,https://www.ebay.com/itm/406253377335,https://i.ebayimg.com/images/g/bpcAAeSwdTVo3Ao0/s-l500.webp,256 GB,Excellent,False,iPhone 13,True
2,Apple iPhone 13 128GB Unlocked - Good,$279.99,2025-10-19,https://www.ebay.com/itm/256350256078,https://i.ebayimg.com/images/g/maEAAeSwhS1oL7rq/s-l500.webp,128 GB,Good,False,iPhone 13,True
2,Apple iPhone 13 A2482 128GB Pink - Unlocked - Good,$264.50,2025-10-19,https://www.ebay.com/itm/357758245546,https://i.ebayimg.com/images/g/cYcAAeSwlnxo8EGJ/s-l500.webp,128 GB,Good,False,iPhone 13,True
2,Apple iPhone 13 5G 128GB 256GB Factory Unlocked Good Condition,$265.99,2025-10-19,https://www.ebay.com/itm/297322644188,https://i.ebayimg.com/images/g/mpoAAOSwteNhm7K9/s-l500.webp,128 GB,Good,False,iPhone 13,True
2,Apple iPhone 13 256GB Factory Unlocked AT&T T-Mobile Verizon Good Condition,$274.95,2025-10-19,https://www.ebay.com/itm/295267694886,https://i.ebayimg.com/images/g/vlYAAOSwohlk74bW/s-l500.webp,256 GB,Good,False,iPhone 13,True
2,"Apple iPhone 13 128GB 6.1"" Fully Unlocked, Starlight",$289.99,2025-10-19,https://www.ebay.com/itm/306538274642,https://i.ebayimg.com/images/g/lOsAAeSwNn5o5n2h/s-l500.webp,128 GB,Unknown,False,iPhone 13,True
2,Apple iPhone 13 128GB Unlocked Very Good Condition - All Colors,$289.99,2025-10-19,https://www.ebay.com/itm/285596733728,https://i.ebayimg.com/images/g/qqMAAOSwXXFmjZwA/s-l500.webp,128 GB,Very Good,False,iPhone 13,True
2,Apple iPhone 13 - 256GB - Pink - Fully Unlocked - Excellent Condition,$322.05,2025-10-19,https://www.ebay.com/itm/335873947857,https://i.ebayimg.com/images/g/0qsAAOSwzdxnuDu0/s-l500.webp,256 GB,Excellent,False,iPhone 13,True
2,Apple iPhone 13 Red 128GB Good - Refurbished  - Unlocked,$289.99,2025-10-19,https://www.ebay.com/itm/127404799731,https://i.ebayimg.com/images/g/hDAAAeSwjK9o9tuJ/s-l500.webp,128 GB,Good,False,iPhone 13,True
2,Apple iPhone 13 128GB Factory Unlocked  - EXCELLENT Condition!!,$303.99,2025-10-19,https://www.ebay.com/itm/325894456782,https://i.ebayimg.com/images/g/sdAAAOSwSg1lxQpl/s-l500.webp,128 GB,Unknown,False,iPhone 13,True
2,Apple iPhone 13 - 512 GB - Midnight - Fully Unlocked - Excellent Condition,$389.00,2025-10-18,https://www.ebay.com/itm/335915645923,https://i.ebayimg.com/images/g/e~8AAOSwmYNn~2fZ/s-l500.webp,512 GB,Excellent,False,iPhone 13,True
2,"Apple iPhone 13, 256GB, - Unlocked - Product Red - Very Good",$289.99,2025-10-18,https://www.ebay.com/itm/406276027499,https://i.ebayimg.com/images/g/8g0AAeSwGP9o6Arg/s-l500.webp,256 GB,Very Good,False,iPhone 13,True
2,"Apple iPhone 13 128GB Unlocked 6.1"" - (Midnight) A2482 w/1 Year Warranty",$267.00,2025-10-18,https://www.ebay.com/itm/355515650071,https://i.ebayimg.com/images/g/B2YAAOSw3-5l5hhS/s-l500.webp,128 GB,Unknown,False,iPhone 13,True
2,Apple iPhone 13 128GB l 256GB l 512GB Fully Unlocked Refurbished - Good,$289.99,2025-10-18,https://www.ebay.com/itm/177240683130,https://i.ebayimg.com/images/g/EUMAAeSwOmNoZqgm/s-l500.webp,128 GB,Good,False,iPhone 13,True
2,"Apple iPhone 13 5G 128GB 6.1"" Factory Unlocked Smartphone Very Good",$274.99,2025-10-18,https://www.ebay.com/itm/197318899527,https://i.ebayimg.com/images/g/CtoAAOSwwqNnEAEE/s-l500.webp,128 GB,Very Good,False,iPhone 13,True
2,"Apple iPhone 13 5G 128GB 6.1"" Factory Unlocked Smartphone Good",$269.99,2025-10-18,https://www.ebay.com/itm/388597190774,https://i.ebayimg.com/images/g/CtoAAOSwwqNnEAEE/s-l500.webp,128 GB,Good,False,iPhone 13,True
2,Apple iPhone 13 | 13 mini - 128GB | 256GB - Unlocked Verizon AT&T T-Mobile,$309.95,2025-10-17,https://www.ebay.com/itm/276817705521,https://i.ebayimg.com/images/g/K3AAAOSwSV1niA0T/s-l500.webp,128 GB,Unknown,False,iPhone 13,True
2,Apple iPhone 13 Pink 128GB Excellent - Refurbished  - Unlocked,$329.99,2025-10-17,https://www.ebay.com/itm/127404800325,https://i.ebayimg.com/images/g/Nt8AAeSwJDFo9Szc/s-l500.webp,128 GB,Excellent,False,iPhone 13,True
2,Apple iPhone 13 - 128GB - Factory Unlocked - All Colors - Excellent,$289.85,2025-03-25,https://www.ebay.com/itm/205298751554,https://i.ebayimg.com/images/g/HDoAAOSwghBns6rw/s-l500.webp,128 GB,Excellent,False,iPhone 13,True
2,Apple iPhone 13 Starlight 128GB Very Good - Refurbished  - Unlocked,$309.99,2025-10-17,https://www.ebay.com/itm/127404799622,https://i.ebayimg.com/images/g/JU4AAeSwvrlo-Tgd/s-l500.webp,128 GB,Very Good,False,iPhone 13,True
2,Apple iPhone 13 - 256 GB - Pink - Unlocked - 100% Battery Excellent Condition,$339.00,2025-10-17,https://www.ebay.com/itm/335951271924,https://i.ebayimg.com/images/g/DBoAAOSw9QloHE-a/s-l500.webp,256 GB,Excellent,False,iPhone 13,True
2,Apple iPhone 13 512GB Factory Unlocked AT&T T-Mobile Verizon Excellent Condition,$354.95,2025-10-17,https://www.ebay.com/itm/295317456137,https://i.ebayimg.com/images/g/HAIAAOSwfk5mJZ6X/s-l500.webp,512 GB,Excellent,False,iPhone 13,True
2,"Apple iPhone 13 6.1"" A2482 Unlocked w/128GB (Blue) - Good",$266.00,2025-10-16,https://www.ebay.com/itm/375369057245,https://i.ebayimg.com/images/g/aWwAAOSwjjxmGW2u/s-l500.webp,128 GB,Good,False,iPhone 13,True
2,Apple iPhone 13 - 256GB - Unlocked - Excellent Refurbished - All Colors,$345.00,2025-03-18,https://www.ebay.com/itm/156802816073,https://i.ebayimg.com/images/g/SD4AAOSwgR9n11pZ/s-l500.webp,256 GB,Excellent,False,iPhone 13,True
2,"Apple iPhone 13 6.1"" A2482 Unlocked w/128GB (Red) - Good",$260.00,2025-10-16,https://www.ebay.com/itm/146523388648,https://i.ebayimg.com/images/g/nogAAOSwiGhoACdA/s-l500.webp,128 GB,Good,False,iPhone 13,True
2,Apple iPhone 13 512GB Factory Unlocked AT&T T-Mobile Verizon Very Good Condition,$335.95,2025-10-16,https://www.ebay.com/itm/304642516226,https://i.ebayimg.com/images/g/KWAAAOSw0q5lDb8E/s-l500.webp,512 GB,Very Good,False,iPhone 13,True
2,Apple iPhone 13 256GB Unlocked Good Condition - All Colors,$329.99,2025-10-16,https://www.ebay.com/itm/276216359280,https://i.ebayimg.com/images/g/48AAAOSwVwJmjZwL/s-l500.webp,256 GB,Good,False,iPhone 13,True
2,Apple iPhone 13 Pink 128GB Very Good - Refurbished  - Unlocked,$309.99,2025-10-16,https://www.ebay.com/itm/127404799708,https://i.ebayimg.com/images/g/180AAeSwC01o-Chx/s-l500.webp,128 GB,Very Good,False,iPhone 13,True
2,Apple iPhone 13 - 256 GB - Red (Unlocked) - 90%+ Battery Very Good Condition,$319.00,2025-10-16,https://www.ebay.com/itm/335951315931,https://i.ebayimg.com/images/g/lLQAAOSwjEpoHFX7/s-l500.webp,256 GB,Very Good,False,iPhone 13,True
2,Apple iPhone 13 I 128GB/256GB/512GB I UNLOCKED Smartphone Cellphone I FAIR,$297.00,2025-10-15,https://www.ebay.com/itm/256846098818,https://i.ebayimg.com/images/g/KLwAAOSw3Sdm22kh/s-l500.webp,128 GB,Unknown,False,iPhone 13,True
2,Apple iPhone 13 128GB Unlocked Good Condition - All Colors,$289.99,2025-10-15,https://www.ebay.com/itm/285596736546,https://i.ebayimg.com/images/g/4LMAAOSwZQ1mjZt7/s-l500.webp,128 GB,Good,False,iPhone 13,True
2,Apple iPhone 13 128GB (Unlocked) - Midnight - Very Good Condition,$289.98,2025-10-15,https://www.ebay.com/itm/365846644780,https://i.ebayimg.com/images/g/PEMAAeSw6XZo974Q/s-l500.webp,128 GB,Very Good,False,iPhone 13,True
2,Apple iPhone 13 256GB (Unlocked) - Pink,$289.98,2025-10-15,https://www.ebay.com/itm/365924202474,https://i.ebayimg.com/images/g/cZwAAeSwSoVo783m/s-l500.webp,256 GB,Unknown,False,iPhone 13,True
2,Apple iPhone 13 128GB (Unlocked) - Midnight,$269.98,2025-10-15,https://www.ebay.com/itm/365846644872,https://i.ebayimg.com/images/g/qlQAAeSw5vVo79~U/s-l500.webp,128 GB,Unknown,False,iPhone 13,True
2,Apple iPhone 13 (5G) - 256GB Green *UNLOCKED* [A2482] Excellent Refurbished,$332.99,2024-09-18,https://www.ebay.com/itm/145555776696,https://i.ebayimg.com/images/g/y18AAOSwHM1lXSdO/s-l500.webp,256 GB,Excellent,False,iPhone 13,True
2,Apple iPhone 13 - 128GB - Unlocked - Starlight - Good Refurbished,$250.00,2025-10-15,https://www.ebay.com/itm/226992170558,https://i.ebayimg.com/images/g/9NcAAeSwHVxo1WC9/s-l500.webp,128 GB,Good,False,iPhone 13,True
2,"Apple iPhone 13 6.1"" Unlocked 128GB (Midnight) A2482 - w/1 Year Warranty",$283.00,2025-10-15,https://www.ebay.com/itm/145680782763,https://i.ebayimg.com/images/g/nKMAAOSwerRl~H07/s-l500.webp,128 GB,Unknown,False,iPhone 13,True
2,Apple iPhone 13 - 128 GB - Starlight - Fully Unlocked - 90%+ Battery Excellent,$303.05,2025-10-15,https://www.ebay.com/itm/335780108375,https://i.ebayimg.com/images/g/7qMAAOSwR61ntEin/s-l500.webp,128 GB,Excellent,False,iPhone 13,True
2,Apple iPhone 13 - 128 GB - Starlight (Unlocked) - 100% Battery Excellent,$312.55,2025-10-15,https://www.ebay.com/itm/335801708984,https://i.ebayimg.com/images/g/dPwAAOSw7WdnuDuB/s-l500.webp,128 GB,Excellent,False,iPhone 13,True
2,Apple iPhone 13 - 128 GB - Pink - Fully Unlocked - 100% Battery Very Good,$312.55,2025-10-15,https://www.ebay.com/itm/335904780776,https://i.ebayimg.com/images/g/sswAAOSwTlZntEmW/s-l500.webp,128 GB,Very Good,False,iPhone 13,True
2,Apple iPhone 13 Blue 128GB Excellent - Refurbished  - Unlocked,$329.99,2025-10-14,https://www.ebay.com/itm/127404799797,https://i.ebayimg.com/images/g/ZgcAAeSwfuto9SzM/s-l500.webp,128 GB,Excellent,False,iPhone 13,True
2,Apple iPhone 13 Starlight 256GB Excellent - Refurbished  - Unlocked,$335.99,2025-10-14,https://www.ebay.com/itm/127264750114,https://i.ebayimg.com/images/g/GRcAAeSw8Z1o9htT/s-l500.webp,256 GB,Excellent,False,iPhone 13,True
2,iPhone 13 128GB - Blue - Unlocked,$299.99,2025-10-14,https://www.ebay.com/itm/306549464346,https://i.ebayimg.com/images/g/icMAAeSwIgVo7nR3/s-l500.webp,128 GB,Unknown,False,iPhone 13,True
2,Apple iPhone 13 Midnight 128GB Very Good - Refurbished  - Unlocked,$309.99,2025-10-14,https://www.ebay.com/itm/127404800229,https://i.ebayimg.com/images/g/qBcAAeSwz59o9S1s/s-l500.webp,128 GB,Very Good,False,iPhone 13,True
3,Apple iPhone 13 Midnight 128GB Very Good - Refurbished  - Unlocked,$309.99,2025-10-14,https://www.ebay.com/itm/127404800229,https://i.ebayimg.com/images/g/qBcAAeSwz59o9S1s/s-l500.webp,128 GB,Very Good,False,iPhone 13,True
3,Apple iPhone 13 Blue 128GB Very Good - Refurbished  - Unlocked,$309.99,2025-10-13,https://www.ebay.com/itm/127404799911,https://i.ebayimg.com/images/g/KAwAAeSwwfdo9S2J/s-l500.webp,128 GB,Very Good,False,iPhone 13,True
3,Apple iPhone 13 128GB Fully Unlocked ALL CARRIERS- VERY GOOD Condition,$287.99,2025-10-12,https://www.ebay.com/itm/226523060489,https://i.ebayimg.com/images/g/uVoAAOSwNx1lxQnL/s-l500.webp,128 GB,Unknown,False,iPhone 13,True
3,Apple iPhone 13 128GB Midnight A2482 MLA23LL/A Unlocked Clean ESN Good (WG),$299.95,2025-10-12,https://www.ebay.com/itm/197762290390,https://i.ebayimg.com/images/g/BC0AAOSw2pBlU3Wp/s-l500.webp,128 GB,Good,False,iPhone 13,True
3,Apple iPhone 13 - 128GB 256GB 512GB - All Colors - Excellent Condition,$312.00,2025-10-12,https://www.ebay.com/itm/284789075414,https://i.ebayimg.com/images/g/rqsAAOSwLwZiar2B/s-l500.webp,128 GB,Excellent,False,iPhone 13,True
3,Apple iPhone 13 Green 128GB Very Good - Refurbished  - Unlocked,$309.99,2025-10-12,https://www.ebay.com/itm/127404800352,https://i.ebayimg.com/images/g/Ir0AAeSwCB9o9S3E/s-l500.webp,128 GB,Very Good,False,iPhone 13,True
3,Apple iPhone 13  Fully Unlocked - 6.1inches - 128GB -  - Very Good,$339.00,2025-10-11,https://www.ebay.com/itm/134348851499,https://i.ebayimg.com/images/g/AIMAAeSwnGNopjxU/s-l500.webp,128 GB,Very Good,False,iPhone 13,True
3,Apple iPhone 13 A2482 128GB Blue (GSM+CDMA) Unlocked MLAE3LL/A C-G,$259.99,2025-10-11,https://www.ebay.com/itm/187633760402,https://i.ebayimg.com/images/g/MkIAAOSwgyBmyNkd/s-l500.webp,128 GB,Unknown,False,iPhone 13,True
3,Apple iPhone 13 Unlocked (A2482) - Pristine Condition,$449.99,2024-07-29,https://www.ebay.com/itm/185534796754,https://i.ebayimg.com/images/g/HdIAAOSwZ6dmu9KY/s-l500.webp,Unknown,Unknown,False,iPhone 13,True
3,Apple iPhone 13 Blue 256GB Good - Refurbished  - Unlocked,$295.99,2025-10-10,https://www.ebay.com/itm/127325169871,https://i.ebayimg.com/images/g/L68AAeSwGS1o-Fyg/s-l500.webp,256 GB,Good,False,iPhone 13,True
3,Apple iPhone 13 A2482 128GB Blue (GSM+CDMA) Unlocked MLAE3LL/A,$269.99,2025-10-10,https://www.ebay.com/itm/186649958290,https://i.ebayimg.com/images/g/MkIAAOSwgyBmyNkd/s-l500.webp,128 GB,Unknown,False,iPhone 13,True
3,"Apple iPhone 13, 128/256/512GB NETWORK UNLOCKED SMARTPHONE - VERY GOOD CONDITION",$400.53,2025-10-10,https://www.ebay.com/itm/387748427791,https://i.ebayimg.com/images/g/aRUAAOSwDMJnZZ4N/s-l500.webp,512 GB,Unknown,False,iPhone 13,True
3,Apple iPhone 13 Midnight 256GB Very Good - Refurbished  - Unlocked,$303.99,2025-10-09,https://www.ebay.com/itm/127264750088,https://i.ebayimg.com/images/g/1TAAAeSw8E5o57l5/s-l500.webp,256 GB,Very Good,False,iPhone 13,True
3,Apple iPhone 13 Midnight 256GB Good - Refurbished  - Unlocked,$283.99,2025-10-09,https://www.ebay.com/itm/127302962416,https://i.ebayimg.com/images/g/RbwAAeSwSmdo6F9a/s-l500.webp,256 GB,Good,False,iPhone 13,True
3,Apple iPhone 13 - 128GB - Green (Unlocked) - 85%+ Battery Excellent Condition,$309.00,2025-10-09,https://www.ebay.com/itm/335860920687,https://i.ebayimg.com/images/g/8v8AAOSwMGhnclPq/s-l500.webp,128 GB,Excellent,False,iPhone 13,True
3,Apple iPhone 13 Pink 256GB Excellent - Refurbished  - Unlocked,$335.99,2025-10-09,https://www.ebay.com/itm/127410960971,https://i.ebayimg.com/images/g/hJMAAeSw-L5o-XUd/s-l500.webp,256 GB,Excellent,False,iPhone 13,True
3,Apple iPhone 13 | 13 mini - 128GB | 256GB - T-Mobile Unlocked Verizon AT&T,$289.95,2025-10-09,https://www.ebay.com/itm/277003970292,https://i.ebayimg.com/images/g/K3AAAOSwSV1niA0T/s-l500.webp,128 GB,Unknown,False,iPhone 13,True
3,Apple iPhone 13 128gb Midnight - Unlocked C Grade *Read Desc*,$260.00,2025-10-09,https://www.ebay.com/itm/406251064442,https://i.ebayimg.com/images/g/DpoAAeSwDNdo2vKC/s-l500.webp,128 GB,Unknown,False,iPhone 13,True
3,Apple iPhone 13 128gb Midnight - Unlocked Grade C,$259.95,2025-10-08,https://www.ebay.com/itm/406270308972,https://i.ebayimg.com/images/g/pXcAAeSwr89o5Zhd/s-l500.webp,128 GB,Unknown,False,iPhone 13,True
3,"Apple iPhone 13 256GB Unlocked 6.1"" (Green) A2482 - w/1 Year Warranty",$339.00,2025-10-08,https://www.ebay.com/itm/376587381699,https://i.ebayimg.com/images/g/zNQAAeSwO3Fo3Bk5/s-l500.webp,256 GB,Unknown,False,iPhone 13,True
3,Apple iPhone 13 128GB 5G BLACK Smartphone(Verizon UNLOCKED GSM)AT&T VERY GOOD,$279.88,2025-10-08,https://www.ebay.com/itm/205467806360,https://i.ebayimg.com/images/g/e7oAAOSwwpJn~s~o/s-l500.webp,128 GB,Unknown,False,iPhone 13,True
3,Apple iPhone 13 256GB Midnight – Unlocked – Very Good Condition,$334.00,2025-09-01,https://www.ebay.com/itm/157241548709,https://i.ebayimg.com/images/g/3ZoAAeSwy6ponLXO/s-l500.webp,256 GB,Very Good,False,iPhone 13,True
3,APPLE IPHONE 13 128GB 256GB 512GB (UNLOCKED) ✅ALL ORIGINAL PART✅❖EXCELLENT❖,$379.95,2025-10-08,https://www.ebay.com/itm/326397892365,https://i.ebayimg.com/images/g/yLIAAOSwCa9nfeyd/s-l500.webp,128 GB,Unknown,False,iPhone 13,True
3,Apple iPhone 13 - 256GB Black - Fully Unlocked - Excellent Condition,$431.00,2025-10-08,https://www.ebay.com/itm/267116229056,https://i.ebayimg.com/images/g/H-wAAeSwrNRo3YpT/s-l500.webp,256 GB,Excellent,False,iPhone 13,True
3,Apple iPhone 13 - 256 GB - Midnight (Unlocked) - Excellent Condition,$322.05,2025-10-08,https://www.ebay.com/itm/335931220777,https://i.ebayimg.com/images/g/n5YAAOSw4z9oDI1n/s-l500.webp,256 GB,Excellent,False,iPhone 13,True
3,Apple iPhone 13 - 128 GB - Midnight Black (Unlocked) - 100% Battery Excellent,$329.00,2025-10-08,https://www.ebay.com/itm/335895529363,https://i.ebayimg.com/images/g/bNgAAeSw2JpowTKm/s-l500.webp,128 GB,Excellent,False,iPhone 13,True
3,"Apple iPhone 13, 128/256/512GB NETWORK UNLOCKED SMARTPHONE - EXCELLENT CONDITION",$440.60,2025-10-08,https://www.ebay.com/itm/387748405105,https://i.ebayimg.com/images/g/aRUAAOSwDMJnZZ4N/s-l500.webp,512 GB,Unknown,False,iPhone 13,True
3,Apple iPhone 13 A2482 128GB Midnight (GSM+CDMA) Unlocked MLA23LL/A,$269.99,2025-10-08,https://www.ebay.com/itm/186649931979,https://i.ebayimg.com/images/g/5uUAAOSwA3lmyNCB/s-l500.webp,128 GB,Unknown,False,iPhone 13,True
3,Apple iPhone 13 - 128 GB - Midnight Black (Unlocked) - Excellent Condition,$303.05,2025-10-07,https://www.ebay.com/itm/336174473844,https://i.ebayimg.com/images/g/sQwAAOSwLAlngLyh/s-l500.webp,128 GB,Excellent,False,iPhone 13,True
3,Apple iPhone 13 5G 128GB Factory Unlocked - Starlight NLA43LL/A iOS Smartphone,$289.00,2025-10-07,https://www.ebay.com/itm/336191399784,https://i.ebayimg.com/images/g/FIsAAeSw3-Fo0MFm/s-l500.webp,128 GB,Unknown,False,iPhone 13,True
3,"Apple iPhone 13 128GB Unlocked 6.1"" OLED 4GB 12MP WiFi 6 NFC 5G Starlight",$269.99,2025-03-24,https://www.ebay.com/itm/197085893048,https://i.ebayimg.com/images/g/XhYAAOSwOmpmAeiR/s-l500.webp,128 GB,Unknown,False,iPhone 13,True
3,Apple iPhone 13 - 128 GB - Blue - Fully Unlocked - 90%+ Battery Very Good,$299.00,2025-10-07,https://www.ebay.com/itm/335886127680,https://i.ebayimg.com/images/g/O0wAAOSwW3lntsfP/s-l500.webp,128 GB,Very Good,False,iPhone 13,True
3,Apple iPhone 13 - 512 GB - Midnight Black (Unlocked) - Very Good Condition,$359.00,2025-10-07,https://www.ebay.com/itm/335899637720,https://i.ebayimg.com/images/g/Ev8AAOSwqtdnuDun/s-l500.webp,512 GB,Very Good,False,iPhone 13,True
3,Apple iPhone 13 - 256 GB - Pink - Unlocked - Excellent Condition,$329.00,2025-10-07,https://www.ebay.com/itm/335951284259,https://i.ebayimg.com/images/g/omkAAOSwBmBoHFBw/s-l500.webp,256 GB,Excellent,False,iPhone 13,True
3,Apple iPhone 13 | 13 mini - 128GB | 256GB - Unlocked T-Mobile AT&T - Good,$329.95,2025-10-07,https://www.ebay.com/itm/187352660524,https://i.ebayimg.com/images/g/vtwAAOSwZ5ZnfrnJ/s-l500.webp,128 GB,Good,False,iPhone 13,True
3,Apple iPhone 13 128GB Fully Unlocked All Colors - Excellent Condition,$348.99,2025-10-06,https://www.ebay.com/itm/175770309759,https://i.ebayimg.com/images/g/SEAAAOSwBp1kjNQ9/s-l500.webp,128 GB,Excellent,False,iPhone 13,True
3,Apple iPhone 13 128GB Midnight Unlocked - Good,$277.49,2025-10-06,https://www.ebay.com/itm/334950407216,https://i.ebayimg.com/images/g/-5IAAeSwluho-Ygm/s-l500.webp,128 GB,Good,False,iPhone 13,True
3,Apple iPhone 13 - 256GB - Fully Unlocked (2021),$304.97,2025-10-06,https://www.ebay.com/itm/116454458004,https://i.ebayimg.com/images/g/xeEAAOSwBF5nhS7Z/s-l500.webp,256 GB,Unknown,False,iPhone 13,True
3,iPhone 13 – Unlocked – Black – 128GB – Excellent Condition!,$355.00,2025-10-06,https://www.ebay.com/itm/157241342181,https://i.ebayimg.com/images/g/y7sAAeSwskponJ~r/s-l500.webp,128 GB,Excellent,False,iPhone 13,True
3,Apple iPhone 13 - 128 GB - Pink (Unlocked) - 90%+ Battery Very Good Condition,$309.00,2025-10-06,https://www.ebay.com/itm/335841657890,https://i.ebayimg.com/images/g/C8MAAOSwPrtni1x2/s-l500.webp,128 GB,Very Good,False,iPhone 13,True
3,Apple iPhone 13 Blue 256GB Excellent - Refurbished  - Unlocked,$323.99,2025-10-05,https://www.ebay.com/itm/127198528368,https://i.ebayimg.com/images/g/4t0AAeSwPPJo5qjd/s-l500.webp,256 GB,Excellent,False,iPhone 13,True
3,Apple iPhone 13 - 256 GB - Pink (Unlocked) Good Condition,$269.99,2025-10-05,https://www.ebay.com/itm/286853718119,https://i.ebayimg.com/images/g/mcQAAeSwR1No3qR9/s-l500.webp,256 GB,Good,False,iPhone 13,True
3,Apple iPhone 13 256GB Midnight Black Fully Unlocked - 85%+ Battery Very Good,$309.00,2025-10-05,https://www.ebay.com/itm/335821736107,https://i.ebayimg.com/images/g/0CwAAOSwHHRoMCZq/s-l500.webp,256 GB,Very Good,False,iPhone 13,True
3,iPhone 13 - Factory Unlocked - 128GB - Black - Good,$300.00,2025-10-04,https://www.ebay.com/itm/276265311580,https://i.ebayimg.com/images/g/1eAAAOSwzQliIPaw/s-l500.webp,128 GB,Good,False,iPhone 13,True
3,Apple iPhone 13 - 128 GB - Blue (Unlocked) - 90%+ Battery Excellent Condition,$319.00,2025-10-04,https://www.ebay.com/itm/335904883382,https://i.ebayimg.com/images/g/hREAAOSwaW9n95zt/s-l500.webp,128 GB,Excellent,False,iPhone 13,True
3,Apple iPhone 13 - 128 GB - Green (Unlocked) - 90%+ Battery Very Good Condition,$299.00,2025-10-04,https://www.ebay.com/itm/335915589980,https://i.ebayimg.com/images/g/vyUAAOSwBIBn~12K/s-l500.webp,128 GB,Very Good,False,iPhone 13,True
3,Apple iPhone 13 Red 128GB Excellent - Refurbished  - Unlocked,$329.99,2025-10-03,https://www.ebay.com/itm/127404799882,https://i.ebayimg.com/images/g/aLcAAeSwOI9o9Sz7/s-l500.webp,128 GB,Excellent,False,iPhone 13,True
3,APPLE IPHONE 13 128GB UNLOCKED--PINK--GOOD REFURBISHED,$289.99,2025-03-27,https://www.ebay.com/itm/226628445442,https://i.ebayimg.com/images/g/8lIAAOSwJf5nxjqI/s-l500.webp,128 GB,Unknown,False,iPhone 13,True
3,Apple iPhone 13 (5G) - 512GB Green *UNLOCKED* [A2482] Very Good Refurbished,$267.99,2025-10-02,https://www.ebay.com/itm/146869257126,https://i.ebayimg.com/images/g/L-sAAOSwJ0xlsVQ-/s-l500.webp,512 GB,Very Good,False,iPhone 13,True
